DATETIME,CORRECTVALUES,REAL_CONSUMO
2024-09-01 00:00:00+02:00,0,0
2024-09-01 01:00:00+02:00,0,0
2024-09-01 02:00:00+02:00,0,0
2024-09-01 03:00:00+02:00,0,0
2024-09-01 04:00:00+02:00,0,0
2024-09-01 05:00:00+02:00,0,0
2024-09-01 06:00:00+02:00,0,0
2024-09-01 07:00:00+02:00,0,0
2024-09-01 08:00:00+02:00,0,0.11
2024-09-01 09:00:00+02:00,7.328093738,6.05
2024-09-01 10:00:00+02:00,20.95831814,20.56
2024-09-01 11:00:00+02:00,22.14864183,26.05
2024-09-01 12:00:00+02:00,98.13783231,13.14
2024-09-01 13:00:00+02:00,111.1025619,31.26
2024-09-01 14:00:00+02:00,97.85690103,36.67
2024-09-01 15:00:00+02:00,110.8992031,16.85
2024-09-01 16:00:00+02:00,108.0228704,14.13
2024-09-01 17:00:00+02:00,98.45132247,12.21
2024-09-01 18:00:00+02:00,70.65888226,83.43
2024-09-01 19:00:00+02:00,45.75141166,46.62
2024-09-01 20:00:00+02:00,18.08194182,19.23
2024-09-01 21:00:00+02:00,1.95394045,2.43
2024-09-01 22:00:00+02:00,0,0
2024-09-01 23:00:00+02:00,0,0
2024-09-02 00:00:00+02:00,0,0
2024-09-02 01:00:00+02:00,0,0
2024-09-02 02:00:00+02:00,0,0
2024-09-02 03:00:00+02:00,0,0
2024-09-02 04:00:00+02:00,0,0
2024-09-02 05:00:00+02:00,0,0
2024-09-02 06:00:00+02:00,0,0
2024-09-02 07:00:00+02:00,0,0
2024-09-02 08:00:00+02:00,0,0.26
2024-09-02 09:00:00+02:00,7.807878811,6.74
2024-09-02 10:00:00+02:00,36.8870199,34.64
2024-09-02 11:00:00+02:00,78.20713114,70.8
2024-09-02 12:00:00+02:00,107.3234922,107.86
2024-09-02 13:00:00+02:00,121.9817976,125.28
2024-09-02 14:00:00+02:00,123.9063721,127.19
2024-09-02 15:00:00+02:00,121.9904726,111.49
2024-09-02 16:00:00+02:00,116.7419121,123.61
2024-09-02 17:00:00+02:00,107.2192187,116.12
2024-09-02 18:00:00+02:00,75.03673426,95.04
2024-09-02 19:00:00+02:00,47.19953889,59.92
2024-09-02 20:00:00+02:00,19.83718986,19.53
2024-09-02 21:00:00+02:00,1.984683975,1.85
2024-09-02 22:00:00+02:00,0,0
2024-09-02 23:00:00+02:00,0,0
2024-09-03 00:00:00+02:00,0,0
2024-09-03 01:00:00+02:00,0,0
2024-09-03 02:00:00+02:00,0,0
2024-09-03 03:00:00+02:00,0,0
2024-09-03 04:00:00+02:00,0,0
2024-09-03 05:00:00+02:00,0,0
2024-09-03 06:00:00+02:00,0,0
2024-09-03 07:00:00+02:00,0,0
2024-09-03 08:00:00+02:00,0,0.23
2024-09-03 09:00:00+02:00,7.807878811,7.29
2024-09-03 10:00:00+02:00,36.87847778,37.49
2024-09-03 11:00:00+02:00,77.89326232,80.06
2024-09-03 12:00:00+02:00,107.2331585,113.19
2024-09-03 13:00:00+02:00,122.5429835,124.93
2024-09-03 14:00:00+02:00,124.4477484,128.6
2024-09-03 15:00:00+02:00,123.0760163,122.26
2024-09-03 16:00:00+02:00,117.9545687,114.36
2024-09-03 17:00:00+02:00,104.8859446,90.8
2024-09-03 18:00:00+02:00,72.47839963,77.23
2024-09-03 19:00:00+02:00,35.52974524,38.07
2024-09-03 20:00:00+02:00,15.00279804,17.47
2024-09-03 21:00:00+02:00,1.984683975,3.06
2024-09-03 22:00:00+02:00,0,0
2024-09-03 23:00:00+02:00,0,0
2024-09-04 00:00:00+02:00,0,0
2024-09-04 01:00:00+02:00,0,0
2024-09-04 02:00:00+02:00,0,0
2024-09-04 03:00:00+02:00,0,0
2024-09-04 04:00:00+02:00,0,0
2024-09-04 05:00:00+02:00,0,0
2024-09-04 06:00:00+02:00,0,0
2024-09-04 07:00:00+02:00,0,0
2024-09-04 08:00:00+02:00,0,0.14
2024-09-04 09:00:00+02:00,7.807878811,4.61
2024-09-04 10:00:00+02:00,37.64778445,26.05
2024-09-04 11:00:00+02:00,74.65803569,84.08
2024-09-04 12:00:00+02:00,105.2949791,120.27
2024-09-04 13:00:00+02:00,123.8524465,132.91
2024-09-04 14:00:00+02:00,123.8862284,122.55
2024-09-04 15:00:00+02:00,119.7946064,85.1
2024-09-04 16:00:00+02:00,79.45202034,22.49
2024-09-04 17:00:00+02:00,68.22462619,17.83
2024-09-04 18:00:00+02:00,78.83331875,90.72
2024-09-04 19:00:00+02:00,49.55510061,60.48
2024-09-04 20:00:00+02:00,20.49509594,16.5
2024-09-04 21:00:00+02:00,1.984683975,2.17
2024-09-04 22:00:00+02:00,0,0
2024-09-04 23:00:00+02:00,0,0
2024-09-05 00:00:00+02:00,0,0
2024-09-05 01:00:00+02:00,0,0
2024-09-05 02:00:00+02:00,0,0
2024-09-05 03:00:00+02:00,0,0
2024-09-05 04:00:00+02:00,0,0
2024-09-05 05:00:00+02:00,0,0
2024-09-05 06:00:00+02:00,0,0
2024-09-05 07:00:00+02:00,0,0
2024-09-05 08:00:00+02:00,0,0.47
2024-09-05 09:00:00+02:00,6.509417277,8.29
2024-09-05 10:00:00+02:00,30.7683759,34.62
2024-09-05 11:00:00+02:00,74.24669397,70.74
2024-09-05 12:00:00+02:00,104.0721814,114.58
2024-09-05 13:00:00+02:00,122.4715035,125.45
2024-09-05 14:00:00+02:00,123.9206508,111.78
2024-09-05 15:00:00+02:00,121.9837539,75.05
2024-09-05 16:00:00+02:00,116.5216577,109.51
2024-09-05 17:00:00+02:00,79.40343645,92.26
2024-09-05 18:00:00+02:00,64.04417832,74.54
2024-09-05 19:00:00+02:00,19.99168683,35.24
2024-09-05 20:00:00+02:00,7.897068074,15.38
2024-09-05 21:00:00+02:00,1.236954103,1.64
2024-09-05 22:00:00+02:00,0,0
2024-09-05 23:00:00+02:00,0,0
2024-09-06 00:00:00+02:00,0,0
2024-09-06 01:00:00+02:00,0,0
2024-09-06 02:00:00+02:00,0,0
2024-09-06 03:00:00+02:00,0,0
2024-09-06 04:00:00+02:00,0,0
2024-09-06 05:00:00+02:00,0,0
2024-09-06 06:00:00+02:00,0,0
2024-09-06 07:00:00+02:00,0,0
2024-09-06 08:00:00+02:00,0,0.2
2024-09-06 09:00:00+02:00,6.955999355,6.37
2024-09-06 10:00:00+02:00,29.73211327,20.84
2024-09-06 11:00:00+02:00,66.24498962,87.67
2024-09-06 12:00:00+02:00,90.12886514,113.51
2024-09-06 13:00:00+02:00,111.8654046,126.32
2024-09-06 14:00:00+02:00,119.2314114,121.98
2024-09-06 15:00:00+02:00,117.9930534,50.33
2024-09-06 16:00:00+02:00,118.6330177,78.05
2024-09-06 17:00:00+02:00,105.6691382,34.21
2024-09-06 18:00:00+02:00,71.21750184,99.33
2024-09-06 19:00:00+02:00,37.10958134,59.13
2024-09-06 20:00:00+02:00,17.10839612,18.52
2024-09-06 21:00:00+02:00,1.984683975,1.52
2024-09-06 22:00:00+02:00,0,0
2024-09-06 23:00:00+02:00,0,0
2024-09-07 00:00:00+02:00,0,0.03
2024-09-07 01:00:00+02:00,0,0
2024-09-07 02:00:00+02:00,0,0
2024-09-07 03:00:00+02:00,0,0
2024-09-07 04:00:00+02:00,0,0
2024-09-07 05:00:00+02:00,0,0
2024-09-07 06:00:00+02:00,0,0
2024-09-07 07:00:00+02:00,0,0
2024-09-07 08:00:00+02:00,0,0
2024-09-07 09:00:00+02:00,7.718001967,0
2024-09-07 10:00:00+02:00,24.80249239,0
2024-09-07 11:00:00+02:00,79.81100029,0
2024-09-07 12:00:00+02:00,107.0998159,0
2024-09-07 13:00:00+02:00,121.7163971,0
2024-09-07 14:00:00+02:00,121.9378724,0
2024-09-07 15:00:00+02:00,120.3361252,0
2024-09-07 16:00:00+02:00,115.4681736,0
2024-09-07 17:00:00+02:00,103.9619229,0
2024-09-07 18:00:00+02:00,69.81144763,0
2024-09-07 19:00:00+02:00,21.87635059,0
2024-09-07 20:00:00+02:00,15.53807954,0
2024-09-07 21:00:00+02:00,1.236954103,0
2024-09-07 22:00:00+02:00,0,0
2024-09-07 23:00:00+02:00,0,0
2024-09-08 00:00:00+02:00,0,0
2024-09-08 01:00:00+02:00,0,0
2024-09-08 02:00:00+02:00,0,0
2024-09-08 03:00:00+02:00,0,0
2024-09-08 04:00:00+02:00,0,0
2024-09-08 05:00:00+02:00,0,0
2024-09-08 06:00:00+02:00,0,0
2024-09-08 07:00:00+02:00,0,0
2024-09-08 08:00:00+02:00,0,0.16
2024-09-08 09:00:00+02:00,7.79327072,6.64
2024-09-08 10:00:00+02:00,21.24463995,21.73
2024-09-08 11:00:00+02:00,76.22174012,48.75
2024-09-08 12:00:00+02:00,105.4210681,109.17
2024-09-08 13:00:00+02:00,121.1687116,123.16
2024-09-08 14:00:00+02:00,122.8854225,126.06
2024-09-08 15:00:00+02:00,122.8584878,126.24
2024-09-08 16:00:00+02:00,116.7086678,119.94
2024-09-08 17:00:00+02:00,103.50658,111.71
2024-09-08 18:00:00+02:00,73.70556751,89.63
2024-09-08 19:00:00+02:00,31.84421488,42.7
2024-09-08 20:00:00+02:00,18.2036453,16.64
2024-09-08 21:00:00+02:00,1.206210579,1.2
2024-09-08 22:00:00+02:00,0,0
2024-09-08 23:00:00+02:00,0,0
2024-09-09 00:00:00+02:00,0,0
2024-09-09 01:00:00+02:00,0,0
2024-09-09 02:00:00+02:00,0,0
2024-09-09 03:00:00+02:00,0,0
2024-09-09 04:00:00+02:00,0,0
2024-09-09 05:00:00+02:00,0,0
2024-09-09 06:00:00+02:00,0,0
2024-09-09 07:00:00+02:00,0,0
2024-09-09 08:00:00+02:00,0,0.2
2024-09-09 09:00:00+02:00,7.809133029,6.24
2024-09-09 10:00:00+02:00,38.10550953,39.69
2024-09-09 11:00:00+02:00,85.74659251,85.47
2024-09-09 12:00:00+02:00,113.1439338,118.78
2024-09-09 13:00:00+02:00,125.2568303,129.37
2024-09-09 14:00:00+02:00,128.8631386,131.73
2024-09-09 15:00:00+02:00,127.3559509,127.76
2024-09-09 16:00:00+02:00,120.5297335,121.16
2024-09-09 17:00:00+02:00,109.834311,116.45
2024-09-09 18:00:00+02:00,80.27199598,95.49
2024-09-09 19:00:00+02:00,41.623232,57.04
2024-09-09 20:00:00+02:00,15.66208587,16.16
2024-09-09 21:00:00+02:00,1.222944713,1.1
2024-09-09 22:00:00+02:00,0,0
2024-09-09 23:00:00+02:00,0,0
2024-09-10 00:00:00+02:00,0,0
2024-09-10 01:00:00+02:00,0,0
2024-09-10 02:00:00+02:00,0,0
2024-09-10 03:00:00+02:00,0,0
2024-09-10 04:00:00+02:00,0,0
2024-09-10 05:00:00+02:00,0,0
2024-09-10 06:00:00+02:00,0,0
2024-09-10 07:00:00+02:00,0,0
2024-09-10 08:00:00+02:00,0,0.17
2024-09-10 09:00:00+02:00,6.013901209,6.21
2024-09-10 10:00:00+02:00,37.39537356,38.73
2024-09-10 11:00:00+02:00,83.41075241,83.76
2024-09-10 12:00:00+02:00,114.5327466,117.47
2024-09-10 13:00:00+02:00,127.0364141,131.71
2024-09-10 14:00:00+02:00,127.4169199,113.02
2024-09-10 15:00:00+02:00,124.6656796,119.19
2024-09-10 16:00:00+02:00,119.185352,122.9
2024-09-10 17:00:00+02:00,109.3793589,115.16
2024-09-10 18:00:00+02:00,80.34020624,94.05
2024-09-10 19:00:00+02:00,41.15621938,55.52
2024-09-10 20:00:00+02:00,15.47595979,15.27
2024-09-10 21:00:00+02:00,0,0.97
2024-09-10 22:00:00+02:00,0,0
2024-09-10 23:00:00+02:00,0,0
2024-09-11 00:00:00+02:00,0,0.07
2024-09-11 01:00:00+02:00,0,0
2024-09-11 02:00:00+02:00,0,0
2024-09-11 03:00:00+02:00,0,0
2024-09-11 04:00:00+02:00,0,0
2024-09-11 05:00:00+02:00,0,0
2024-09-11 06:00:00+02:00,0,0
2024-09-11 07:00:00+02:00,0,0
2024-09-11 08:00:00+02:00,0,0
2024-09-11 09:00:00+02:00,5.330387191,0
2024-09-11 10:00:00+02:00,37.09632516,0
2024-09-11 11:00:00+02:00,83.85784243,0
2024-09-11 12:00:00+02:00,113.2405822,0
2024-09-11 13:00:00+02:00,130.4160826,0
2024-09-11 14:00:00+02:00,125.4832202,0
2024-09-11 15:00:00+02:00,122.5550254,0
2024-09-11 16:00:00+02:00,121.0606885,0
2024-09-11 17:00:00+02:00,107.7677847,0
2024-09-11 18:00:00+02:00,80.46886767,0
2024-09-11 19:00:00+02:00,36.46596354,0
2024-09-11 20:00:00+02:00,15.12184298,0
2024-09-11 21:00:00+02:00,0,0
2024-09-11 22:00:00+02:00,0,0
2024-09-11 23:00:00+02:00,0,0
2024-09-12 00:00:00+02:00,0,0
2024-09-12 01:00:00+02:00,0,0
2024-09-12 02:00:00+02:00,0,0
2024-09-12 03:00:00+02:00,0,0
2024-09-12 04:00:00+02:00,0,0
2024-09-12 05:00:00+02:00,0,0
2024-09-12 06:00:00+02:00,0,0
2024-09-12 07:00:00+02:00,0,0
2024-09-12 08:00:00+02:00,0,0.07
2024-09-12 09:00:00+02:00,4.915923509,6.97
2024-09-12 10:00:00+02:00,29.10116061,37.57
2024-09-12 11:00:00+02:00,80.98665432,78.96
2024-09-12 12:00:00+02:00,105.2123255,108.43
2024-09-12 13:00:00+02:00,124.0786581,129.1
2024-09-12 14:00:00+02:00,129.6411212,139.2
2024-09-12 15:00:00+02:00,128.6951832,138.81
2024-09-12 16:00:00+02:00,121.6140828,129.16
2024-09-12 17:00:00+02:00,107.1948089,113.06
2024-09-12 18:00:00+02:00,77.03584679,96.6
2024-09-12 19:00:00+02:00,36.43674516,55.35
2024-09-12 20:00:00+02:00,13.98638602,14.13
2024-09-12 21:00:00+02:00,0,0.69
2024-09-12 22:00:00+02:00,0,0
2024-09-12 23:00:00+02:00,0,0
2024-09-13 00:00:00+02:00,0,0
2024-09-13 01:00:00+02:00,0,0
2024-09-13 02:00:00+02:00,0,0
2024-09-13 03:00:00+02:00,0,0
2024-09-13 04:00:00+02:00,0,0
2024-09-13 05:00:00+02:00,0,0
2024-09-13 06:00:00+02:00,0,0
2024-09-13 07:00:00+02:00,0,0
2024-09-13 08:00:00+02:00,0,0.11
2024-09-13 09:00:00+02:00,5.330387191,5.63
2024-09-13 10:00:00+02:00,36.38864711,39.75
2024-09-13 11:00:00+02:00,85.94315681,87.75
2024-09-13 12:00:00+02:00,115.9335759,126.09
2024-09-13 13:00:00+02:00,135.2640776,144.39
2024-09-13 14:00:00+02:00,136.7620027,141.51
2024-09-13 15:00:00+02:00,131.8330379,148.11
2024-09-13 16:00:00+02:00,127.474444,141.09
2024-09-13 17:00:00+02:00,114.3626625,127.84
2024-09-13 18:00:00+02:00,82.32679146,96.41
2024-09-13 19:00:00+02:00,48.73478875,50.95
2024-09-13 20:00:00+02:00,15.67581277,14.98
2024-09-13 21:00:00+02:00,0,0.63
2024-09-13 22:00:00+02:00,0,0
2024-09-13 23:00:00+02:00,0,0
2024-09-14 00:00:00+02:00,0,0
2024-09-14 01:00:00+02:00,0,0
2024-09-14 02:00:00+02:00,0,0
2024-09-14 03:00:00+02:00,0,0
2024-09-14 04:00:00+02:00,0,0
2024-09-14 05:00:00+02:00,0,0
2024-09-14 06:00:00+02:00,0,0
2024-09-14 07:00:00+02:00,0,0
2024-09-14 08:00:00+02:00,0,0.16
2024-09-14 09:00:00+02:00,5.190111938,5.87
2024-09-14 10:00:00+02:00,25.35005408,19.25
2024-09-14 11:00:00+02:00,82.2927689,12.15
2024-09-14 12:00:00+02:00,108.6803289,92.16
2024-09-14 13:00:00+02:00,125.5923306,122.86
2024-09-14 14:00:00+02:00,124.8520971,124.59
2024-09-14 15:00:00+02:00,124.7729004,121.42
2024-09-14 16:00:00+02:00,119.1717706,116.28
2024-09-14 17:00:00+02:00,103.4680887,108.61
2024-09-14 18:00:00+02:00,74.90487559,86.2
2024-09-14 19:00:00+02:00,41.84463154,41.76
2024-09-14 20:00:00+02:00,14.22179045,12.09
2024-09-14 21:00:00+02:00,0,0.41
2024-09-14 22:00:00+02:00,0,0
2024-09-14 23:00:00+02:00,0,0
2024-09-15 00:00:00+02:00,0,0
2024-09-15 01:00:00+02:00,0,0
2024-09-15 02:00:00+02:00,0,0
2024-09-15 03:00:00+02:00,0,0
2024-09-15 04:00:00+02:00,0,0
2024-09-15 05:00:00+02:00,0,0
2024-09-15 06:00:00+02:00,0,0
2024-09-15 07:00:00+02:00,0,0
2024-09-15 08:00:00+02:00,0,0.1
2024-09-15 09:00:00+02:00,4.823859735,5.52
2024-09-15 10:00:00+02:00,27.03668388,32.33
2024-09-15 11:00:00+02:00,79.84797553,14.39
2024-09-15 12:00:00+02:00,107.031648,11.89
2024-09-15 13:00:00+02:00,123.9126004,12.17
2024-09-15 14:00:00+02:00,125.0295611,90.44
2024-09-15 15:00:00+02:00,124.589919,117
2024-09-15 16:00:00+02:00,117.5803163,115.5
2024-09-15 17:00:00+02:00,103.9603508,107.17
2024-09-15 18:00:00+02:00,77.82327442,85.35
2024-09-15 19:00:00+02:00,41.55103045,45.64
2024-09-15 20:00:00+02:00,13.97271896,12.5
2024-09-15 21:00:00+02:00,0,0.5
2024-09-15 22:00:00+02:00,0,0
2024-09-15 23:00:00+02:00,0,0
2024-09-16 00:00:00+02:00,0,0
2024-09-16 01:00:00+02:00,0,0
2024-09-16 02:00:00+02:00,0,0
2024-09-16 03:00:00+02:00,0,0
2024-09-16 04:00:00+02:00,0,0
2024-09-16 05:00:00+02:00,0,0
2024-09-16 06:00:00+02:00,0,0
2024-09-16 07:00:00+02:00,0,0
2024-09-16 08:00:00+02:00,0,0.08
2024-09-16 09:00:00+02:00,5.412938139,5.53
2024-09-16 10:00:00+02:00,44.66722161,40.96
2024-09-16 11:00:00+02:00,93.67519282,89.19
2024-09-16 12:00:00+02:00,116.7455406,122.75
2024-09-16 13:00:00+02:00,131.6297098,141.01
2024-09-16 14:00:00+02:00,130.2524391,140.46
2024-09-16 15:00:00+02:00,130.5943928,134.61
2024-09-16 16:00:00+02:00,124.9773794,122.47
2024-09-16 17:00:00+02:00,110.3163295,120.15
2024-09-16 18:00:00+02:00,81.63242364,94.48
2024-09-16 19:00:00+02:00,38.86758318,51.39
2024-09-16 20:00:00+02:00,14.27984726,13.63
2024-09-16 21:00:00+02:00,0,0.55
2024-09-16 22:00:00+02:00,0,0
2024-09-16 23:00:00+02:00,0,0
2024-09-17 00:00:00+02:00,0,0
2024-09-17 01:00:00+02:00,0,0
2024-09-17 02:00:00+02:00,0,0
2024-09-17 03:00:00+02:00,0,0
2024-09-17 04:00:00+02:00,0,0
2024-09-17 05:00:00+02:00,0,0
2024-09-17 06:00:00+02:00,0,0
2024-09-17 07:00:00+02:00,0,0
2024-09-17 08:00:00+02:00,0,0.14
2024-09-17 09:00:00+02:00,4.870340268,5.36
2024-09-17 10:00:00+02:00,34.49766486,39.07
2024-09-17 11:00:00+02:00,87.5373629,86.36
2024-09-17 12:00:00+02:00,116.6230313,123.33
2024-09-17 13:00:00+02:00,132.9577717,140.95
2024-09-17 14:00:00+02:00,131.1096657,140.25
2024-09-17 15:00:00+02:00,127.4693989,138.42
2024-09-17 16:00:00+02:00,120.0926826,128.64
2024-09-17 17:00:00+02:00,109.4700019,106.83
2024-09-17 18:00:00+02:00,79.236072,90.89
2024-09-17 19:00:00+02:00,36.96152567,48.38
2024-09-17 20:00:00+02:00,13.95188646,11.22
2024-09-17 21:00:00+02:00,0,0.38
2024-09-17 22:00:00+02:00,0,0
2024-09-17 23:00:00+02:00,0,0
2024-09-18 00:00:00+02:00,0,0
2024-09-18 01:00:00+02:00,0,0
2024-09-18 02:00:00+02:00,0,0
2024-09-18 03:00:00+02:00,0,0
2024-09-18 04:00:00+02:00,0,0
2024-09-18 05:00:00+02:00,0,0
2024-09-18 06:00:00+02:00,0,0
2024-09-18 07:00:00+02:00,0,0
2024-09-18 08:00:00+02:00,0,0.07
2024-09-18 09:00:00+02:00,5.06268425,5.45
2024-09-18 10:00:00+02:00,29.74366849,35.71
2024-09-18 11:00:00+02:00,54.86910679,79.96
2024-09-18 12:00:00+02:00,96.59807264,116.06
2024-09-18 13:00:00+02:00,124.6222719,132.71
2024-09-18 14:00:00+02:00,124.1441642,133.24
2024-09-18 15:00:00+02:00,123.6077454,108.77
2024-09-18 16:00:00+02:00,118.411381,106.94
2024-09-18 17:00:00+02:00,108.3597453,102.32
2024-09-18 18:00:00+02:00,77.14835069,86.67
2024-09-18 19:00:00+02:00,36.78526665,44.82
2024-09-18 20:00:00+02:00,13.92349749,10.01
2024-09-18 21:00:00+02:00,0,0.24
2024-09-18 22:00:00+02:00,0,0
2024-09-18 23:00:00+02:00,0,0
2024-09-19 00:00:00+02:00,0,0
2024-09-19 01:00:00+02:00,0,0
2024-09-19 02:00:00+02:00,0,0
2024-09-19 03:00:00+02:00,0,0
2024-09-19 04:00:00+02:00,0,0
2024-09-19 05:00:00+02:00,0,0
2024-09-19 06:00:00+02:00,0,0
2024-09-19 07:00:00+02:00,0,0
2024-09-19 08:00:00+02:00,0,0.04
2024-09-19 09:00:00+02:00,5.06268425,4.32
2024-09-19 10:00:00+02:00,27.49119313,27.86
2024-09-19 11:00:00+02:00,34.46719751,59.02
2024-09-19 12:00:00+02:00,69.94282308,52.67
2024-09-19 13:00:00+02:00,102.1537187,56.93
2024-09-19 14:00:00+02:00,116.6121209,33.14
2024-09-19 15:00:00+02:00,116.0672928,68.61
2024-09-19 16:00:00+02:00,86.10086376,78.79
2024-09-19 17:00:00+02:00,46.02284098,65.8
2024-09-19 18:00:00+02:00,23.86192379,18.04
2024-09-19 19:00:00+02:00,11.91876339,1.93
2024-09-19 20:00:00+02:00,5.691928617,0.05
2024-09-19 21:00:00+02:00,0,0
2024-09-19 22:00:00+02:00,0,0
2024-09-19 23:00:00+02:00,0,0
2024-09-20 00:00:00+02:00,0,0
2024-09-20 01:00:00+02:00,0,0
2024-09-20 02:00:00+02:00,0,0
2024-09-20 03:00:00+02:00,0,0
2024-09-20 04:00:00+02:00,0,0
2024-09-20 05:00:00+02:00,0,0
2024-09-20 06:00:00+02:00,0,0
2024-09-20 07:00:00+02:00,0,0
2024-09-20 08:00:00+02:00,0,0
2024-09-20 09:00:00+02:00,4.814254803,2.01
2024-09-20 10:00:00+02:00,22.79313086,7.77
2024-09-20 11:00:00+02:00,70.3121672,14.5
2024-09-20 12:00:00+02:00,73.89836677,21.51
2024-09-20 13:00:00+02:00,77.21546359,64.72
2024-09-20 14:00:00+02:00,107.7288282,78.67
2024-09-20 15:00:00+02:00,117.7978384,82.85
2024-09-20 16:00:00+02:00,100.9751585,83.6
2024-09-20 17:00:00+02:00,29.22017809,41.14
2024-09-20 18:00:00+02:00,24.69028249,33.88
2024-09-20 19:00:00+02:00,14.5089488,16.93
2024-09-20 20:00:00+02:00,4.157179011,7.72
2024-09-20 21:00:00+02:00,0,0.13
2024-09-20 22:00:00+02:00,0,0
2024-09-20 23:00:00+02:00,0,0
2024-09-21 00:00:00+02:00,0,0
2024-09-21 01:00:00+02:00,0,0
2024-09-21 02:00:00+02:00,0,0
2024-09-21 03:00:00+02:00,0,0
2024-09-21 04:00:00+02:00,0,0
2024-09-21 05:00:00+02:00,0,0
2024-09-21 06:00:00+02:00,0,0
2024-09-21 07:00:00+02:00,0,0
2024-09-21 08:00:00+02:00,0,0.05
2024-09-21 09:00:00+02:00,2.409155154,3.85
2024-09-21 10:00:00+02:00,12.83781822,12.46
2024-09-21 11:00:00+02:00,14.1006546,11.04
2024-09-21 12:00:00+02:00,16.75281437,17.32
2024-09-21 13:00:00+02:00,90.52760801,22.83
2024-09-21 14:00:00+02:00,18.15668276,17.03
2024-09-21 15:00:00+02:00,15.19551629,86.2
2024-09-21 16:00:00+02:00,65.80111633,67.09
2024-09-21 17:00:00+02:00,69.27572292,10.65
2024-09-21 18:00:00+02:00,19.63365378,12.33
2024-09-21 19:00:00+02:00,19.76659253,19.43
2024-09-21 20:00:00+02:00,2.707474458,7.55
2024-09-21 21:00:00+02:00,0,0.13
2024-09-21 22:00:00+02:00,0,0
2024-09-21 23:00:00+02:00,0,0
2024-09-22 00:00:00+02:00,0,0
2024-09-22 01:00:00+02:00,0,0
2024-09-22 02:00:00+02:00,0,0
2024-09-22 03:00:00+02:00,0,0
2024-09-22 04:00:00+02:00,0,0
2024-09-22 05:00:00+02:00,0,0
2024-09-22 06:00:00+02:00,0,0
2024-09-22 07:00:00+02:00,0,0
2024-09-22 08:00:00+02:00,0,0.02
2024-09-22 09:00:00+02:00,4.780016486,3.3
2024-09-22 10:00:00+02:00,21.79955947,20.46
2024-09-22 11:00:00+02:00,72.20309496,11.69
2024-09-22 12:00:00+02:00,104.6280331,12.29
2024-09-22 13:00:00+02:00,121.2724987,58.03
2024-09-22 14:00:00+02:00,123.3230386,87.91
2024-09-22 15:00:00+02:00,121.8160789,12.06
2024-09-22 16:00:00+02:00,112.4538116,22.15
2024-09-22 17:00:00+02:00,89.89329366,79.16
2024-09-22 18:00:00+02:00,44.98073428,62.58
2024-09-22 19:00:00+02:00,21.26722547,22.23
2024-09-22 20:00:00+02:00,5.637878944,9.24
2024-09-22 21:00:00+02:00,0,0.12
2024-09-22 22:00:00+02:00,0,0
2024-09-22 23:00:00+02:00,0,0
2024-09-23 00:00:00+02:00,0,0
2024-09-23 01:00:00+02:00,0,0
2024-09-23 02:00:00+02:00,0,0
2024-09-23 03:00:00+02:00,0,0
2024-09-23 04:00:00+02:00,0,0
2024-09-23 05:00:00+02:00,0,0
2024-09-23 06:00:00+02:00,0,0
2024-09-23 07:00:00+02:00,0,0
2024-09-23 08:00:00+02:00,0,0.11
2024-09-23 09:00:00+02:00,4.332142266,4.71
2024-09-23 10:00:00+02:00,32.42143025,32.51
2024-09-23 11:00:00+02:00,77.93478443,74.11
2024-09-23 12:00:00+02:00,110.2514205,109.59
2024-09-23 13:00:00+02:00,125.7040342,128.49
2024-09-23 14:00:00+02:00,127.0515609,125.43
2024-09-23 15:00:00+02:00,125.4897984,82.24
2024-09-23 16:00:00+02:00,117.1176375,107.33
2024-09-23 17:00:00+02:00,102.5155946,96.71
2024-09-23 18:00:00+02:00,69.9043761,84.68
2024-09-23 19:00:00+02:00,34.1719592,40.18
2024-09-23 20:00:00+02:00,10.17840521,8.09
2024-09-23 21:00:00+02:00,0,0.08
2024-09-23 22:00:00+02:00,0,0
2024-09-23 23:00:00+02:00,0,0
2024-09-24 00:00:00+02:00,0,0
2024-09-24 01:00:00+02:00,0,0
2024-09-24 02:00:00+02:00,0,0
2024-09-24 03:00:00+02:00,0,0
2024-09-24 04:00:00+02:00,0,0
2024-09-24 05:00:00+02:00,0,0
2024-09-24 06:00:00+02:00,0,0
2024-09-24 07:00:00+02:00,0,0
2024-09-24 08:00:00+02:00,0,0.05
2024-09-24 09:00:00+02:00,3.625490793,2.85
2024-09-24 10:00:00+02:00,22.62721,15.69
2024-09-24 11:00:00+02:00,49.51400914,48.69
2024-09-24 12:00:00+02:00,66.54146713,60.06
2024-09-24 13:00:00+02:00,84.43578735,97.72
2024-09-24 14:00:00+02:00,109.5716348,83.24
2024-09-24 15:00:00+02:00,116.3786875,50.7
2024-09-24 16:00:00+02:00,107.8842962,37.2
2024-09-24 17:00:00+02:00,89.86488909,95.62
2024-09-24 18:00:00+02:00,45.23488954,61.12
2024-09-24 19:00:00+02:00,22.53208464,23.72
2024-09-24 20:00:00+02:00,3.756622502,4.11
2024-09-24 21:00:00+02:00,0,0.02
2024-09-24 22:00:00+02:00,0,0
2024-09-24 23:00:00+02:00,0,0
2024-09-25 00:00:00+02:00,0,0
2024-09-25 01:00:00+02:00,0,0
2024-09-25 02:00:00+02:00,0,0
2024-09-25 03:00:00+02:00,0,0
2024-09-25 04:00:00+02:00,0,0
2024-09-25 05:00:00+02:00,0,0
2024-09-25 06:00:00+02:00,0,0
2024-09-25 07:00:00+02:00,0,0
2024-09-25 08:00:00+02:00,0,0
2024-09-25 09:00:00+02:00,1.994904157,2.88
2024-09-25 10:00:00+02:00,17.79572591,17.47
2024-09-25 11:00:00+02:00,28.38701837,20.78
2024-09-25 12:00:00+02:00,26.36195677,39.24
2024-09-25 13:00:00+02:00,30.3280238,78.24
2024-09-25 14:00:00+02:00,27.02520335,60.85
2024-09-25 15:00:00+02:00,24.86139098,62.3
2024-09-25 16:00:00+02:00,71.88562077,40.1
2024-09-25 17:00:00+02:00,29.56447892,67.69
2024-09-25 18:00:00+02:00,48.10422518,66.15
2024-09-25 19:00:00+02:00,18.24102533,35.78
2024-09-25 20:00:00+02:00,2.920264833,6.5
2024-09-25 21:00:00+02:00,0,0
2024-09-25 22:00:00+02:00,0,0
2024-09-25 23:00:00+02:00,0,0
2024-09-26 00:00:00+02:00,0,0
2024-09-26 01:00:00+02:00,0,0
2024-09-26 02:00:00+02:00,0,0
2024-09-26 03:00:00+02:00,0,0
2024-09-26 04:00:00+02:00,0,0
2024-09-26 05:00:00+02:00,0,0
2024-09-26 06:00:00+02:00,0,0
2024-09-26 07:00:00+02:00,0,0
2024-09-26 08:00:00+02:00,0,0.06
2024-09-26 09:00:00+02:00,2.335859831,4.46
2024-09-26 10:00:00+02:00,21.70241431,38.42
2024-09-26 11:00:00+02:00,70.06112312,82.65
2024-09-26 12:00:00+02:00,94.47969293,63.01
2024-09-26 13:00:00+02:00,120.5163542,56.52
2024-09-26 14:00:00+02:00,119.7786263,34.81
2024-09-26 15:00:00+02:00,71.65966972,89.67
2024-09-26 16:00:00+02:00,28.59159137,119.04
2024-09-26 17:00:00+02:00,25.39157432,51.96
2024-09-26 18:00:00+02:00,27.21472913,22.3
2024-09-26 19:00:00+02:00,16.96722187,41.61
2024-09-26 20:00:00+02:00,4.134408792,7.07
2024-09-26 21:00:00+02:00,0,0
2024-09-26 22:00:00+02:00,0,0
2024-09-26 23:00:00+02:00,0,0
2024-09-27 00:00:00+02:00,0,0
2024-09-27 01:00:00+02:00,0,0
2024-09-27 02:00:00+02:00,0,0
2024-09-27 03:00:00+02:00,0,0
2024-09-27 04:00:00+02:00,0,0
2024-09-27 05:00:00+02:00,0,0
2024-09-27 06:00:00+02:00,0,0
2024-09-27 07:00:00+02:00,0,0
2024-09-27 08:00:00+02:00,0,0.04
2024-09-27 09:00:00+02:00,4.292008736,3.34
2024-09-27 10:00:00+02:00,34.20290396,32.47
2024-09-27 11:00:00+02:00,79.89130775,87.73
2024-09-27 12:00:00+02:00,114.0004414,124.29
2024-09-27 13:00:00+02:00,135.5086223,135.54
2024-09-27 14:00:00+02:00,133.6441347,135.07
2024-09-27 15:00:00+02:00,128.9014042,114.12
2024-09-27 16:00:00+02:00,120.8294144,132.65
2024-09-27 17:00:00+02:00,104.6574699,45.81
2024-09-27 18:00:00+02:00,73.6569973,48.16
2024-09-27 19:00:00+02:00,26.08460854,21.05
2024-09-27 20:00:00+02:00,3.883728965,5.51
2024-09-27 21:00:00+02:00,0,0
2024-09-27 22:00:00+02:00,0,0
2024-09-27 23:00:00+02:00,0,0
2024-09-28 00:00:00+02:00,0,0
2024-09-28 01:00:00+02:00,0,0
2024-09-28 02:00:00+02:00,0,0
2024-09-28 03:00:00+02:00,0,0
2024-09-28 04:00:00+02:00,0,0
2024-09-28 05:00:00+02:00,0,0
2024-09-28 06:00:00+02:00,0,0
2024-09-28 07:00:00+02:00,0,0
2024-09-28 08:00:00+02:00,0,0.02
2024-09-28 09:00:00+02:00,3.19635746,0.63
2024-09-28 10:00:00+02:00,31.03846784,0
2024-09-28 11:00:00+02:00,80.03813154,0
2024-09-28 12:00:00+02:00,108.031048,0
2024-09-28 13:00:00+02:00,131.9462979,0
2024-09-28 14:00:00+02:00,130.6015375,0
2024-09-28 15:00:00+02:00,127.5785702,6.17
2024-09-28 16:00:00+02:00,106.4024813,12.21
2024-09-28 17:00:00+02:00,94.73053362,12.17
2024-09-28 18:00:00+02:00,63.83248375,13.35
2024-09-28 19:00:00+02:00,23.66864001,20.18
2024-09-28 20:00:00+02:00,5.424650783,6.4
2024-09-28 21:00:00+02:00,0,0
2024-09-28 22:00:00+02:00,0,0
2024-09-28 23:00:00+02:00,0,0
2024-09-29 00:00:00+02:00,0,0
2024-09-29 01:00:00+02:00,0,0
2024-09-29 02:00:00+02:00,0,0
2024-09-29 03:00:00+02:00,0,0
2024-09-29 04:00:00+02:00,0,0
2024-09-29 05:00:00+02:00,0,0
2024-09-29 06:00:00+02:00,0,0
2024-09-29 07:00:00+02:00,0,0
2024-09-29 08:00:00+02:00,0,0.11
2024-09-29 09:00:00+02:00,3.168435133,3.46
2024-09-29 10:00:00+02:00,21.16916343,15.61
2024-09-29 11:00:00+02:00,66.67763302,11.73
2024-09-29 12:00:00+02:00,91.92206413,11.27
2024-09-29 13:00:00+02:00,114.0378598,9.48
2024-09-29 14:00:00+02:00,118.76777,44.75
2024-09-29 15:00:00+02:00,119.3753575,119.79
2024-09-29 16:00:00+02:00,108.7739471,114.57
2024-09-29 17:00:00+02:00,96.15824061,102.39
2024-09-29 18:00:00+02:00,63.69651032,77.67
2024-09-29 19:00:00+02:00,22.86589594,26.41
2024-09-29 20:00:00+02:00,5.355936124,5.77
2024-09-29 21:00:00+02:00,0,0
2024-09-29 22:00:00+02:00,0,0
2024-09-29 23:00:00+02:00,0,0
2024-09-30 00:00:00+02:00,0,0
2024-09-30 01:00:00+02:00,0,0
2024-09-30 02:00:00+02:00,0,0
2024-09-30 03:00:00+02:00,0,0
2024-09-30 04:00:00+02:00,0,0
2024-09-30 05:00:00+02:00,0,0
2024-09-30 06:00:00+02:00,0,0
2024-09-30 07:00:00+02:00,0,0
2024-09-30 08:00:00+02:00,0,0.07
2024-09-30 09:00:00+02:00,3.202673451,3.36
2024-09-30 10:00:00+02:00,27.84625438,34.71
2024-09-30 11:00:00+02:00,71.29891341,83.86
2024-09-30 12:00:00+02:00,100.8484561,117.24
2024-09-30 13:00:00+02:00,122.9371694,128.95
2024-09-30 14:00:00+02:00,125.100278,131.22
2024-09-30 15:00:00+02:00,123.5052438,128.27
2024-09-30 16:00:00+02:00,112.4617589,120.52
2024-09-30 17:00:00+02:00,102.1124932,106.86
2024-09-30 18:00:00+02:00,68.02902528,81.23
2024-09-30 19:00:00+02:00,27.92528113,36.74
2024-09-30 20:00:00+02:00,5.472896944,4.98
2024-09-30 21:00:00+02:00,0,0
2024-09-30 22:00:00+02:00,0,0
2024-09-30 23:00:00+02:00,0,0