Datetime,pv_generation_pred,actual_pv,surplus,Carbon_Intensity,charge,discharge,SoC,date,CO2_Avoided
2024-09-01 00:00:00,0.1164027687668179,0.0,0.1164027687668179,170.04,0.1164027687668179,0.0,0.1164027687668179,2024-09-01,19.793126801109715
2024-09-01 01:00:00,0.023055033685314,0.0,0.023055033685314,175.13,0.023055033685314,0.0,0.1394578024521319,2024-09-01,4.03762804930904
2024-09-01 02:00:00,0.0107458535529561,0.0,0.0107458535529561,175.53,0.0107458535529561,0.0,0.150203656005088,2024-09-01,1.8862196741503843
2024-09-01 03:00:00,0.0020731774982159,0.0,0.0020731774982159,174.22,0.0020731774982159,0.0,0.1522768335033039,2024-09-01,0.3611889837391741
2024-09-01 04:00:00,0.0030815614437825,0.0,0.0030815614437825,175.05,0.0030815614437825,0.0,0.1553583949470864,2024-09-01,0.5394273307341266
2024-09-01 05:00:00,0.0135947826352327,0.0,0.0135947826352327,170.19,0.0135947826352327,0.0,0.1689531775823191,2024-09-01,2.313696056690253
2024-09-01 06:00:00,0.111412790164794,0.0,0.111412790164794,159.95,0.111412790164794,0.0,0.2803659677471131,2024-09-01,17.820475786858797
2024-09-01 07:00:00,0.2082192222769659,0.0,0.2082192222769659,123.35,0.2082192222769659,0.0,0.48858519002407896,2024-09-01,25.683841067863742
2024-09-01 08:00:00,0.6309561225339287,0.0,0.6309561225339287,81.8,0.6309561225339287,0.0,1.1195413125580078,2024-09-01,51.61221082327537
2024-09-01 09:00:00,5.389729312146887,6.05,0.0,66.29,0.0,0.0,1.1195413125580078,2024-09-01,357.2851561022172
2024-09-01 10:00:00,28.01686866058742,20.56,7.456868660587421,57.99,7.456868660587421,0.0,8.576409973145429,2024-09-01,1624.6982136274646
2024-09-01 11:00:00,56.54412935629711,26.05,30.494129356297112,55.83,30.494129356297112,0.0,39.07053932944254,2024-09-01,3156.8587419620676
2024-09-01 12:00:00,60.86387363347669,13.14,47.72387363347669,48.66,47.72387363347669,0.0,86.79441296291924,2024-09-01,2961.6360910049757
2024-09-01 13:00:00,104.20850639727568,31.26,72.94850639727568,47.05,13.205587037080761,0.0,100.0,2024-09-01,4903.01022599182
2024-09-01 14:00:00,103.87121697808016,36.67,67.20121697808015,47.9,0.0,0.0,100.0,2024-09-01,4975.43129325004
2024-09-01 15:00:00,86.31370526890467,16.85,69.46370526890468,54.81,0.0,0.0,100.0,2024-09-01,4730.854185788665
2024-09-01 16:00:00,91.18481320377582,14.13,77.05481320377582,68.23,0.0,0.0,100.0,2024-09-01,6221.539804893624
2024-09-01 17:00:00,84.19928934201016,12.21,71.98928934201015,111.68,0.0,0.0,100.0,2024-09-01,9403.376633715696
2024-09-01 18:00:00,72.20419772860325,83.43,0.0,154.65,0.0,0.0,100.0,2024-09-01,11166.379178728494
2024-09-01 19:00:00,33.56955389249433,46.62,0.0,175.0,0.0,0.0,100.0,2024-09-01,5874.671931186508
2024-09-01 20:00:00,8.467836792569393,19.23,0.0,175.76,0.0,100.0,0.0,2024-09-01,19064.306994661998
2024-09-01 21:00:00,1.7432756544312684,2.43,0.0,168.76,0.0,0.0,0.0,2024-09-01,294.1951994418208
2024-09-01 22:00:00,0.0341148314477944,-0.07,0.1041148314477944,155.6,0.0,0.0,0.0,2024-09-01,5.308267773276808
2024-09-01 23:00:00,0.0328446011119633,0.0,0.0328446011119633,152.98,0.0,0.0,0.0,2024-09-01,5.024567078108145
2024-09-02 00:00:00,0.019433508137247,0.0,0.019433508137247,156.26,0.019433508137247,0.0,0.019433508137247,2024-09-02,3.036679981526216
2024-09-02 01:00:00,0.0026894562569372,0.0,0.0026894562569372,164.21,0.0026894562569372,0.0,0.0221229643941842,2024-09-02,0.4416356119516576
2024-09-02 02:00:00,0.0039044549318222,0.0,0.0039044549318222,169.97,0.0039044549318222,0.0,0.026027419326006402,2024-09-02,0.6636402047618193
2024-09-02 03:00:00,0.0038474669482081,0.0,0.0038474669482081,168.78,0.0038474669482081,0.0,0.0298748862742145,2024-09-02,0.6493754715185631
2024-09-02 04:00:00,0.0052176240190173,0.0,0.0052176240190173,170.79,0.0052176240190173,0.0,0.0350925102932318,2024-09-02,0.8911180062079646
2024-09-02 05:00:00,0.00669988975111,0.0,0.00669988975111,172.28,0.00669988975111,0.0,0.0417924000443418,2024-09-02,1.154257006321231
2024-09-02 06:00:00,0.0258420079185494,0.0,0.0258420079185494,183.41,0.0258420079185494,1.243900522959739,0.0,2024-09-02,232.88347758838688
2024-09-02 07:00:00,0.056918341856304,0.0,0.056918341856304,149.2,0.056918341856304,0.0,0.0,2024-09-02,8.492216604960555
2024-09-02 08:00:00,0.7609271722991506,0.26,0.5009271722991506,98.84,0.5009271722991506,0.0,0.0,2024-09-02,75.21004171004805
2024-09-02 09:00:00,6.951725176132962,6.74,0.21172517613296193,78.44,0.21172517613296193,0.0,0.0,2024-09-02,545.2933228158695
2024-09-02 10:00:00,31.857429752901027,34.64,0.0,73.54,0.0,0.0,0.0,2024-09-02,2342.7953840283417
2024-09-02 11:00:00,63.12066473466519,70.8,0.0,74.8,0.0,0.0,0.0,2024-09-02,4721.425722152956
2024-09-02 12:00:00,73.60488474241431,107.86,0.0,70.53,0.0,0.0,0.0,2024-09-02,5191.352520882481
2024-09-02 13:00:00,121.38187659841576,125.28,0.0,71.95,0.0,0.0,0.0,2024-09-02,8733.426021256015
2024-09-02 14:00:00,104.06748124432256,127.19,0.0,73.73,0.0,0.0,0.0,2024-09-02,7672.895392143903
2024-09-02 15:00:00,111.5072934698366,111.49,0.01729346983660207,81.17,0.01729346983660207,0.0,0.0,2024-09-02,9051.047010946637
2024-09-02 16:00:00,90.9813810186467,123.61,0.0,95.2,0.0,0.0,0.0,2024-09-02,8661.427472975167
2024-09-02 17:00:00,86.20381793985746,116.12,0.0,119.28,0.0,0.0,0.0,2024-09-02,10282.391403866197
2024-09-02 18:00:00,68.4834636763435,95.04,0.0,156.81,0.0,0.0,0.0,2024-09-02,10738.891939087425
2024-09-02 19:00:00,32.81907747030798,59.92,0.0,153.39,0.0,0.0,0.0,2024-09-02,5034.118293170541
2024-09-02 20:00:00,10.270783985548968,19.53,0.0,141.52,0.0,0.0,0.0,2024-09-02,1453.5213496348902
2024-09-02 21:00:00,1.7470405856343243,1.85,0.0,128.65,0.0,0.0,0.0,2024-09-02,224.75677134185582
2024-09-02 22:00:00,0.240635898703209,-0.03,0.27063589870320903,121.33,0.27063589870320903,0.0,0.0,2024-09-02,29.196353589660347
2024-09-02 23:00:00,0.1187660561686203,0.0,0.1187660561686203,115.75,0.1187660561686203,0.0,0.0,2024-09-02,13.747171001517799
2024-09-03 00:00:00,0.0710431982315406,0.0,0.0710431982315406,115.25,0.0710431982315406,0.0,0.0710431982315406,2024-09-03,8.187728596185053
2024-09-03 01:00:00,0.0073596902061353,0.0,0.0073596902061353,116.68,0.0073596902061353,0.0,0.0784028884376759,2024-09-03,0.8587286532518669
2024-09-03 02:00:00,0.0086858637193513,0.0,0.0086858637193513,118.27,0.0086858637193513,0.0,0.0870887521570272,2024-09-03,1.027277102087678
2024-09-03 03:00:00,0.0026692409467834,0.0,0.0026692409467834,121.66,0.0026692409467834,0.0,0.08975799310381061,2024-09-03,0.3247398535856685
2024-09-03 04:00:00,0.0022024183373348,0.0,0.0022024183373348,130.24,0.0022024183373348,0.0,0.0919604114411454,2024-09-03,0.2868429642544844
2024-09-03 05:00:00,0.005095885066914,0.0,0.005095885066914,149.31,0.005095885066914,0.0,0.0970562965080594,2024-09-03,0.7608665993409294
2024-09-03 06:00:00,0.0251975806569142,0.0,0.0251975806569142,161.01,0.0251975806569142,1.5035962100754048,0.0,2024-09-03,246.15108824581066
2024-09-03 07:00:00,0.056918341856304,0.0,0.056918341856304,142.07,0.056918341856304,0.0,0.0,2024-09-03,8.08638882752511
2024-09-03 08:00:00,0.7754427278547464,0.23,0.5454427278547465,106.5,0.5454427278547465,0.0,0.0,2024-09-03,82.5846505165305
2024-09-03 09:00:00,7.874630414233459,7.29,0.5846304142334589,86.31,0.5846304142334589,0.0,0.0,2024-09-03,679.6593510524899
2024-09-03 10:00:00,28.705489430629505,37.49,0.0,79.53,0.0,0.0,0.0,2024-09-03,2282.9475744179645
2024-09-03 11:00:00,65.78824600385308,80.06,0.0,77.03,0.0,0.0,0.0,2024-09-03,5067.668589676802
2024-09-03 12:00:00,81.40418263241628,113.19,0.0,71.93,0.0,0.0,0.0,2024-09-03,5855.4028567497035
2024-09-03 13:00:00,121.32029266778363,124.93,0.0,69.06,0.0,0.0,0.0,2024-09-03,8378.379411637137
2024-09-03 14:00:00,117.34616276574344,128.6,0.0,68.11,0.0,0.0,0.0,2024-09-03,7992.447145974786
2024-09-03 15:00:00,75.28523102032806,122.26,0.0,67.96,0.0,0.0,0.0,2024-09-03,5116.384300141494
2024-09-03 16:00:00,70.18682574027748,114.36,0.0,77.59,0.0,0.0,0.0,2024-09-03,5445.79580918813
2024-09-03 17:00:00,76.25463121780768,90.8,0.0,109.84,0.0,0.0,0.0,2024-09-03,8375.808692963996
2024-09-03 18:00:00,71.34167593594992,77.23,0.0,146.58,0.0,0.0,0.0,2024-09-03,10457.26285869154
2024-09-03 19:00:00,21.35607950577089,38.07,0.0,153.59,0.0,0.0,0.0,2024-09-03,3280.080251291351
2024-09-03 20:00:00,7.096091719490842,17.47,0.0,148.5,0.0,0.0,0.0,2024-09-03,1053.7696203443902
2024-09-03 21:00:00,1.2916263576503484,3.06,0.0,133.11,0.0,0.0,0.0,2024-09-03,171.92838446683788
2024-09-03 22:00:00,0.0634184303766888,-0.1,0.1634184303766888,118.04,0.1634184303766888,0.0,0.0,2024-09-03,7.485911521664347
2024-09-03 23:00:00,0.0309324185892331,0.0,0.0309324185892331,109.8,0.0309324185892331,0.0,0.0,2024-09-03,3.396379561097794
2024-09-04 00:00:00,0.0433091085313526,0.0,0.0433091085313526,107.65,0.0433091085313526,0.0,0.0433091085313526,2024-09-04,4.6622255334001075
2024-09-04 01:00:00,0.0024977271493334,0.0,0.0024977271493334,109.72,0.0024977271493334,0.0,0.045806835680686,2024-09-04,0.27405062282486065
2024-09-04 02:00:00,0.0039044549318222,0.0,0.0039044549318222,113.18,0.0039044549318222,0.0,0.049711290612508195,2024-09-04,0.4419062091836366
2024-09-04 03:00:00,0.0085192555085947,0.0,0.0085192555085947,112.02,0.0085192555085947,0.0,0.05823054612110289,2024-09-04,0.9543270020727782
2024-09-04 04:00:00,0.008535573916555,0.0,0.008535573916555,118.36,0.008535573916555,0.0,0.06676612003765789,2024-09-04,1.0102705287634497
2024-09-04 05:00:00,0.0145266485955782,0.0,0.0145266485955782,130.76,0.0145266485955782,0.0,0.08129276863323609,2024-09-04,1.8995045703578053
2024-09-04 06:00:00,0.018639432145131,0.0,0.018639432145131,141.11,0.018639432145131,0.0,0.09993220077836709,2024-09-04,2.6302102699994356
2024-09-04 07:00:00,1.3260233175487983,0.0,1.3260233175487983,118.53,1.3260233175487983,0.0,1.4259555183271655,2024-09-04,157.17354382905907
2024-09-04 08:00:00,1.7036117788343268,0.14,1.5636117788343267,79.65,1.5636117788343267,0.0,2.989567297161492,2024-09-04,135.69267818415415
2024-09-04 09:00:00,7.0253085094664325,4.61,2.415308509466432,60.18,2.415308509466432,0.0,5.404875806627924,2024-09-04,422.7830660996899
2024-09-04 10:00:00,27.221280295592265,26.05,1.1712802955922648,56.83,1.1712802955922648,0.0,6.576156102220189,2024-09-04,1546.9853591985084
2024-09-04 11:00:00,59.41983962608581,84.08,0.0,58.03,0.0,0.0,6.576156102220189,2024-09-04,3448.1332935017595
2024-09-04 12:00:00,63.6658609406881,120.27,0.0,59.34,0.0,0.0,6.576156102220189,2024-09-04,3777.932188220432
2024-09-04 13:00:00,78.67654185690796,132.91,0.0,58.48,0.0,0.0,6.576156102220189,2024-09-04,4601.004167791977
2024-09-04 14:00:00,75.0986171838992,122.55,0.0,58.1,0.0,0.0,6.576156102220189,2024-09-04,4363.229658384544
2024-09-04 15:00:00,64.13567754048738,85.1,0.0,58.08,0.0,0.0,6.576156102220189,2024-09-04,3725.000151551507
2024-09-04 16:00:00,70.48929766734132,22.49,47.999297667341324,64.73,47.999297667341324,0.0,54.57545376956151,2024-09-04,4562.772238007004
2024-09-04 17:00:00,68.66352681983749,17.83,50.83352681983749,96.46,45.42454623043849,0.0,100.0,2024-09-04,6623.283797041523
2024-09-04 18:00:00,60.81005870328708,90.72,0.0,144.33,0.0,0.0,100.0,2024-09-04,8776.715772645426
2024-09-04 19:00:00,36.62167787297943,60.48,0.0,158.91,0.0,100.0,0.0,2024-09-04,21710.55083079516
2024-09-04 20:00:00,11.747980645382478,16.5,0.0,142.88,0.0,0.0,0.0,2024-09-04,1678.5514746122485
2024-09-04 21:00:00,1.8028205872506704,2.17,0.0,133.74,0.0,0.0,0.0,2024-09-04,241.10922533890468
2024-09-04 22:00:00,0.0028626354585305,-0.12,0.12286263545853049,119.3,0.0,0.0,0.0,2024-09-04,0.34151241020268863
2024-09-04 23:00:00,0.0086030554693166,0.0,0.0086030554693166,119.77,0.0,0.0,0.0,2024-09-04,1.030387953560049
2024-09-05 00:00:00,0.0222767456427161,0.0,0.0222767456427161,120.56,0.0222767456427161,0.0,0.0222767456427161,2024-09-05,2.685684454685853
2024-09-05 01:00:00,0.0017926918952799,0.0,0.0017926918952799,120.38,0.0017926918952799,0.0,0.024069437537996,2024-09-05,0.21580425035379436
2024-09-05 02:00:00,0.004015942216644,0.0,0.004015942216644,121.21,0.004015942216644,0.0,0.02808537975464,2024-09-05,0.48677235607941927
2024-09-05 03:00:00,0.003191338992573,0.0,0.003191338992573,129.08,0.003191338992573,0.0,0.031276718747213,2024-09-05,0.4119380371613229
2024-09-05 04:00:00,0.0106734975856859,0.0,0.0106734975856859,133.14,0.0106734975856859,0.0,0.0419502163328989,2024-09-05,1.4210694685582206
2024-09-05 05:00:00,0.0135947826352327,0.0,0.0135947826352327,140.2,0.0135947826352327,0.0,0.0555449989681316,2024-09-05,1.9059885254596243
2024-09-05 06:00:00,0.3649286745157439,0.0,0.3649286745157439,140.76,0.3649286745157439,0.0,0.4204736734838755,2024-09-05,51.367360224836105
2024-09-05 07:00:00,1.3808372161996445,0.0,1.3808372161996445,111.44,1.3808372161996445,0.0,1.80131088968352,2024-09-05,153.8804993732884
2024-09-05 08:00:00,0.3663208838238461,0.47,0.0,74.92,0.0,0.0,1.80131088968352,2024-09-05,27.44476061608255
2024-09-05 09:00:00,4.468847569720524,8.29,0.0,60.7,0.0,0.0,1.80131088968352,2024-09-05,271.25904748203584
2024-09-05 10:00:00,27.073352286265173,34.62,0.0,57.4,0.0,0.0,1.80131088968352,2024-09-05,1554.010421231621
2024-09-05 11:00:00,56.00885250488392,70.74,0.0,54.66,0.0,0.0,1.80131088968352,2024-09-05,3061.443877916955
2024-09-05 12:00:00,65.79931991657966,114.58,0.0,54.62,0.0,0.0,1.80131088968352,2024-09-05,3593.958853843581
2024-09-05 13:00:00,75.93275431918539,125.45,0.0,55.09,0.0,0.0,1.80131088968352,2024-09-05,4183.135435443924
2024-09-05 14:00:00,72.49684669658032,111.78,0.0,57.16,0.0,0.0,1.80131088968352,2024-09-05,4143.919757176531
2024-09-05 15:00:00,82.74202164243796,75.05,7.692021642437965,63.69,7.692021642437965,0.0,9.493332532121485,2024-09-05,5269.8393584068735
2024-09-05 16:00:00,66.66190601977465,109.51,0.0,89.74,0.0,0.0,9.493332532121485,2024-09-05,5982.239446214577
2024-09-05 17:00:00,57.54262034667301,92.26,0.0,129.89,0.0,0.0,9.493332532121485,2024-09-05,7474.210956829356
2024-09-05 18:00:00,50.32696229136687,74.54,0.0,158.77,0.0,9.608416580012538,0.0,2024-09-05,9515.94010340891
2024-09-05 19:00:00,21.567757141274456,35.24,0.0,157.98,0.0,0.0,0.0,2024-09-05,3407.2742731785384
2024-09-05 20:00:00,10.346346653062694,15.38,0.0,151.01,0.0,0.0,0.0,2024-09-05,1562.4018080789974
2024-09-05 21:00:00,1.295103216015097,1.64,0.0,139.43,0.0,0.0,0.0,2024-09-05,180.576241408985
2024-09-05 22:00:00,0.0491209921996511,-0.01,0.059120992199651105,123.27,0.059120992199651105,0.0,0.0,2024-09-05,6.0551447084509915
2024-09-05 23:00:00,0.0559630556914016,0.0,0.0559630556914016,114.59,0.0559630556914016,0.0,0.0,2024-09-05,6.4128065516777095
2024-09-06 00:00:00,0.8182724055694764,0.0,0.8182724055694764,114.06,0.8182724055694764,0.0,0.8182724055694764,2024-09-06,93.33215057925449
2024-09-06 01:00:00,2.8872028527866944,0.0,2.8872028527866944,113.06,2.8872028527866944,0.0,3.705475258356171,2024-09-06,326.42715453606365
2024-09-06 02:00:00,0.6848452512061578,0.0,0.6848452512061578,117.2,0.6848452512061578,0.0,4.390320509562329,2024-09-06,80.26386344136169
2024-09-06 03:00:00,0.1332452512061229,0.0,0.1332452512061229,119.66,0.1332452512061229,0.0,4.523565760768452,2024-09-06,15.944126759324666
2024-09-06 04:00:00,0.0310495530398916,0.0,0.0310495530398916,119.6,0.0310495530398916,0.0,4.554615313808344,2024-09-06,3.713526543571035
2024-09-06 05:00:00,0.0298011898064793,0.0,0.0298011898064793,126.72,0.0298011898064793,0.0,4.584416503614823,2024-09-06,3.7764067722770567
2024-09-06 06:00:00,0.7453121100390773,0.0,0.7453121100390773,131.66,0.7453121100390773,0.0,5.3297286136539,2024-09-06,98.1277924077449
2024-09-06 07:00:00,2.1353041799163144,0.0,2.1353041799163144,100.4,2.1353041799163144,0.0,7.465032793570215,2024-09-06,214.38453966359796
2024-09-06 08:00:00,0.6041786315511427,0.2,0.4041786315511427,65.85,0.4041786315511427,0.0,7.869211425121358,2024-09-06,39.78516288764274
2024-09-06 09:00:00,4.869537644909388,6.37,0.0,52.66,0.0,0.0,7.869211425121358,2024-09-06,256.42985238092837
2024-09-06 10:00:00,27.232584286264974,20.84,6.392584286264974,50.21,6.392584286264974,0.0,14.26179571138633,2024-09-06,1367.3480570133643
2024-09-06 11:00:00,52.51527029133147,87.67,0.0,47.65,0.0,0.0,14.26179571138633,2024-09-06,2502.3526293819446
2024-09-06 12:00:00,62.043542958122295,113.51,0.0,46.96,0.0,0.0,14.26179571138633,2024-09-06,2913.564777313423
2024-09-06 13:00:00,73.44718328398908,126.32,0.0,47.19,0.0,0.0,14.26179571138633,2024-09-06,3465.9725791714445
2024-09-06 14:00:00,75.27988338395063,121.98,0.0,47.71,0.0,0.0,14.26179571138633,2024-09-06,3591.6032362482847
2024-09-06 15:00:00,68.75117414689214,50.33,18.42117414689214,48.26,18.42117414689214,0.0,32.68296985827847,2024-09-06,3317.9316643290144
2024-09-06 16:00:00,84.37357677503647,78.05,6.3235767750364715,57.8,6.3235767750364715,0.0,39.00654663331494,2024-09-06,4876.792737597108
2024-09-06 17:00:00,69.6840203563579,34.21,35.474020356357904,96.21,35.474020356357904,0.0,74.48056698967284,2024-09-06,6704.299598485193
2024-09-06 18:00:00,55.42253551778197,99.33,0.0,134.92,0.0,0.0,74.48056698967284,2024-09-06,7477.608492059142
2024-09-06 19:00:00,36.50003623517288,59.13,0.0,153.76,0.0,0.0,74.48056698967284,2024-09-06,5612.245571520181
2024-09-06 20:00:00,12.026620486650913,18.52,0.0,155.12,0.0,74.63399300661278,0.0,2024-09-06,13442.794365075066
2024-09-06 21:00:00,1.601130819782416,1.52,0.08113081978241587,146.54,0.08113081978241587,0.0,0.0,2024-09-06,234.6297103309152
2024-09-06 22:00:00,0.0071023302676993,-0.03,0.037102330267699296,132.37,0.037102330267699296,0.0,0.0,2024-09-06,0.9401354575353563
2024-09-06 23:00:00,0.0351928668898227,0.0,0.0351928668898227,116.45,0.0351928668898227,0.0,0.0,2024-09-06,4.098209349319854
2024-09-07 00:00:00,0.0215006691440318,0.03,0.0,116.4,0.0,0.0,0.0,2024-09-07,2.5026778883653016
2024-09-07 01:00:00,0.2314470282420384,-0.03,0.26144702824203836,115.4,0.26144702824203836,0.0,0.26144702824203836,2024-09-07,26.708987059131232
2024-09-07 02:00:00,0.0076602513422464,0.0,0.0076602513422464,114.58,0.0076602513422464,0.0,0.26910727958428476,2024-09-07,0.8777115987945925
2024-09-07 03:00:00,0.0076952399378789,0.0,0.0076952399378789,110.42,0.0076952399378789,0.0,0.27680251952216367,2024-09-07,0.8497083939405882
2024-09-07 04:00:00,0.0076952399378789,0.0,0.0076952399378789,113.47,0.0076952399378789,0.0,0.2844977594600426,2024-09-07,0.8731788757511187
2024-09-07 05:00:00,0.0109888071893503,0.0,0.0109888071893503,116.52,0.0109888071893503,0.0,0.2954865666493929,2024-09-07,1.280415813703097
2024-09-07 06:00:00,0.1214612044312921,0.0,0.1214612044312921,108.69,0.1214612044312921,0.0,0.416947771080685,2024-09-07,13.201618309637139
2024-09-07 07:00:00,3.0201702029013684,0.0,3.0201702029013684,63.1,3.0201702029013684,0.0,3.4371179739820534,2024-09-07,190.57273980307636
2024-09-07 08:00:00,0.5822825390745805,0.0,0.5822825390745805,42.82,0.5822825390745805,0.0,4.019400513056634,2024-09-07,24.933338323173537
2024-09-07 09:00:00,7.529824166671472,0.0,7.529824166671472,35.19,7.529824166671472,0.0,11.549224679728106,2024-09-07,264.97451242516905
2024-09-07 10:00:00,28.61084007035949,0.0,28.61084007035949,32.77,28.61084007035949,0.0,40.1600647500876,2024-09-07,937.5772291056805
2024-09-07 11:00:00,65.11585823497553,0.0,65.11585823497553,33.28,59.8399352499124,0.0,100.0,2024-09-07,2167.0557620599857
2024-09-07 12:00:00,80.68451669196612,0.0,80.68451669196612,33.8,0.0,0.0,100.0,2024-09-07,2727.1366641884547
2024-09-07 13:00:00,121.76537398646516,0.0,121.76537398646516,38.46,0.0,0.0,100.0,2024-09-07,4683.0962835194505
2024-09-07 14:00:00,122.769540283401,0.0,122.769540283401,43.22,0.0,0.0,100.0,2024-09-07,5306.099531048591
2024-09-07 15:00:00,72.21702826630481,0.0,72.21702826630481,50.82,0.0,0.0,100.0,2024-09-07,3670.0693764936104
2024-09-07 16:00:00,69.81849043207046,0.0,69.81849043207046,73.34,0.0,0.0,100.0,2024-09-07,5120.488088288048
2024-09-07 17:00:00,79.07657379727085,0.0,79.07657379727085,124.49,0.0,0.0,100.0,2024-09-07,9844.242672022248
2024-09-07 18:00:00,52.99998490169847,0.0,52.99998490169847,148.67,0.0,0.0,100.0,2024-09-07,7879.50775533551
2024-09-07 19:00:00,26.0166269042468,0.0,26.0166269042468,158.87,0.0,100.0,0.0,2024-09-07,20020.26151627769
2024-09-07 20:00:00,13.15713663836537,0.0,13.15713663836537,157.24,0.0,0.0,0.0,2024-09-07,2068.828165016571
2024-09-07 21:00:00,1.4839925652929198,0.0,1.4839925652929198,151.41,0.0,0.0,0.0,2024-09-07,224.69131431100098
2024-09-07 22:00:00,0.0336421014964304,0.0,0.0336421014964304,140.51,0.0,0.0,0.0,2024-09-07,4.7270516812634344
2024-09-07 23:00:00,0.0711571295643345,0.0,0.0711571295643345,132.12,0.0,0.0,0.0,2024-09-07,9.401279958039874
2024-09-08 00:00:00,0.0148660327318211,0.0,0.0148660327318211,131.92,0.0148660327318211,0.0,0.0148660327318211,2024-09-08,1.9611270379818393
2024-09-08 01:00:00,0.0063340778290305,0.0,0.0063340778290305,131.06,0.0063340778290305,0.0,0.0212001105608516,2024-09-08,0.8301442402727374
2024-09-08 02:00:00,0.0076602513422464,0.0,0.0076602513422464,141.27,0.0076602513422464,0.0,0.028860361903098,2024-09-08,1.082163707119149
2024-09-08 03:00:00,0.0076952399378789,0.0,0.0076952399378789,145.06,0.0076952399378789,24.631318388017775,0.0,2024-09-08,3574.135316871247
2024-09-08 04:00:00,0.0076952399378789,0.0,0.0076952399378789,143.82,0.0076952399378789,0.0,0.0,2024-09-08,1.1067294078657433
2024-09-08 05:00:00,0.0109888071893503,0.0,0.0109888071893503,140.2,0.0109888071893503,0.0,0.0,2024-09-08,1.540630767946912
2024-09-08 06:00:00,0.0109888071893503,0.0,0.0109888071893503,128.25,0.0109888071893503,0.0,0.0,2024-09-08,1.409314522034176
2024-09-08 07:00:00,0.0282032094396677,0.0,0.0282032094396677,93.25,0.0282032094396677,0.0,0.0,2024-09-08,2.629949280249013
2024-09-08 08:00:00,0.5046880443499255,0.0,0.5046880443499255,55.98,0.5046880443499255,0.0,0.0,2024-09-08,28.25243672270883
2024-09-08 09:00:00,6.571853134924668,6.64,0.0,44.07,0.0,0.0,0.0,2024-09-08,289.62156765613014
2024-09-08 10:00:00,33.06922493111395,21.73,11.33922493111395,42.38,11.33922493111395,0.0,0.0,2024-09-08,1401.4737525806092
2024-09-08 11:00:00,60.738264832876936,48.75,11.988264832876936,43.07,11.988264832876936,0.0,0.0,2024-09-08,2615.99706635201
2024-09-08 12:00:00,79.91566630733737,109.17,0.0,43.07,0.0,0.0,0.0,2024-09-08,3441.9677478570206
2024-09-08 13:00:00,121.52403552492666,123.16,0.0,44.62,0.0,0.0,0.0,2024-09-08,5422.402465122227
2024-09-08 14:00:00,120.441829044541,126.06,0.0,45.42,0.0,0.0,0.0,2024-09-08,5470.467875203052
2024-09-08 15:00:00,120.93683876783032,126.24,0.0,45.45,0.0,0.0,0.0,2024-09-08,5496.579321997889
2024-09-08 16:00:00,102.96335421042468,119.94,0.0,46.7,0.0,0.0,0.0,2024-09-08,4808.388641626833
2024-09-08 17:00:00,89.77398330339999,111.71,0.0,64.85,0.0,0.0,0.0,2024-09-08,5821.842817225489
2024-09-08 18:00:00,74.18858684276155,89.63,0.0,115.0,0.0,0.0,0.0,2024-09-08,8531.687486917579
2024-09-08 19:00:00,41.26147858299608,42.7,0.0,124.23,0.0,0.0,0.0,2024-09-08,5125.913484365603
2024-09-08 20:00:00,15.762551638363847,16.64,0.0,122.79,0.0,0.0,0.0,2024-09-08,1935.483715674697
2024-09-08 21:00:00,1.7399096830189718,1.2,0.5399096830189718,121.03,0.5399096830189718,0.0,0.0,2024-09-08,210.58126893578614
2024-09-08 22:00:00,0.0336421014964304,-0.06,0.0936421014964304,114.89,0.0936421014964304,0.0,0.0,2024-09-08,3.8651410409248883
2024-09-08 23:00:00,0.0711571295643345,0.0,0.0711571295643345,113.26,0.0711571295643345,0.0,0.0,2024-09-08,8.059256494456525
2024-09-09 00:00:00,0.0148660327318211,0.0,0.0148660327318211,113.58,0.0148660327318211,0.0,0.0148660327318211,2024-09-09,1.6884839976802404
2024-09-09 01:00:00,0.0063340778290305,0.0,0.0063340778290305,116.61,0.0063340778290305,0.0,0.0212001105608516,2024-09-09,0.7386168156432467
2024-09-09 02:00:00,0.0076602513422464,0.0,0.0076602513422464,115.92,0.0076602513422464,0.0,0.028860361903098,2024-09-09,0.8879763355932028
2024-09-09 03:00:00,0.0076952399378789,0.0,0.0076952399378789,118.32,0.0076952399378789,0.0,0.0365556018409769,2024-09-09,0.9105007894498314
2024-09-09 04:00:00,0.0076952399378789,0.0,0.0076952399378789,127.02,0.0076952399378789,0.0,0.0442508417788558,2024-09-09,0.9774493769093778
2024-09-09 05:00:00,0.0109888071893503,0.0,0.0109888071893503,131.81,0.0109888071893503,0.0,0.0552396489682061,2024-09-09,1.4484346756282631
2024-09-09 06:00:00,0.0109888071893503,0.0,0.0109888071893503,128.8,0.0109888071893503,0.0,0.0662284561575564,2024-09-09,1.4153583659883189
2024-09-09 07:00:00,0.0282032094396677,0.0,0.0282032094396677,96.17,0.0282032094396677,0.0,0.0944316655972241,2024-09-09,2.712302651812843
2024-09-09 08:00:00,0.7367695735847173,0.2,0.5367695735847173,59.4,0.5367695735847173,0.0,0.6312012391819415,2024-09-09,43.76411267093221
2024-09-09 09:00:00,5.7347263492102085,6.24,0.0,46.12,0.0,0.0,0.6312012391819415,2024-09-09,264.4855792255748
2024-09-09 10:00:00,31.564281740233064,39.69,0.0,45.19,0.0,0.0,0.6312012391819415,2024-09-09,1426.389891841132
2024-09-09 11:00:00,60.72382776709184,85.47,0.0,45.55,0.0,0.0,0.6312012391819415,2024-09-09,2765.970354791033
2024-09-09 12:00:00,78.93700815982763,118.78,0.0,46.28,0.0,0.0,0.6312012391819415,2024-09-09,3653.2047376368228
2024-09-09 13:00:00,121.52403552492666,129.37,0.0,47.46,0.0,0.0,0.6312012391819415,2024-09-09,5767.530726013019
2024-09-09 14:00:00,122.74654028339936,131.73,0.0,45.95,0.0,0.0,0.6312012391819415,2024-09-09,5640.203526022201
2024-09-09 15:00:00,119.80488052607092,127.76,0.0,47.47,0.0,0.0,0.6312012391819415,2024-09-09,5687.137678572586
2024-09-09 16:00:00,110.10723620053756,121.16,0.0,58.19,0.0,0.0,0.6312012391819415,2024-09-09,6407.140074509281
2024-09-09 17:00:00,91.63573510714951,116.45,0.0,95.48,0.0,0.0,0.6312012391819415,2024-09-09,8749.379988030636
2024-09-09 18:00:00,68.16139131629177,95.49,0.0,137.72,0.0,0.0,0.6312012391819415,2024-09-09,9387.186812079703
2024-09-09 19:00:00,39.673000465938514,57.04,0.0,141.12,0.0,1.693761041749248,0.0,2024-09-09,5837.677383964897
2024-09-09 20:00:00,14.650042012159815,16.16,0.0,134.1,0.0,0.0,0.0,2024-09-09,1964.570633830631
2024-09-09 21:00:00,1.9549539586044,1.1,0.8549539586043999,128.2,0.8549539586043999,0.0,0.0,2024-09-09,250.62509749308407
2024-09-09 22:00:00,0.0663468625466576,-0.05,0.1163468625466576,116.85,0.1163468625466576,0.0,0.0,2024-09-09,7.75263088857694
2024-09-09 23:00:00,0.0912589814162489,0.0,0.0912589814162489,114.16,0.0912589814162489,0.0,0.0,2024-09-09,10.418125318478975
2024-09-10 00:00:00,0.0148660327318211,0.0,0.0148660327318211,116.15,0.0148660327318211,0.0,0.0148660327318211,2024-09-10,1.7266897018010208
2024-09-10 01:00:00,0.0063340778290305,0.0,0.0063340778290305,117.62,0.0063340778290305,0.0,0.0212001105608516,2024-09-10,0.7450142342505675
2024-09-10 02:00:00,0.0076602513422464,0.0,0.0076602513422464,115.72,0.0076602513422464,0.0,0.028860361903098,2024-09-10,0.8864442853247534
2024-09-10 03:00:00,0.0076952399378789,0.0,0.0076952399378789,121.5,0.0076952399378789,0.0,0.0365556018409769,2024-09-10,0.9349716524522863
2024-09-10 04:00:00,0.0076952399378789,0.0,0.0076952399378789,127.58,0.0076952399378789,0.0,0.0442508417788558,2024-09-10,0.98175871127459
2024-09-10 05:00:00,0.0109888071893503,0.0,0.0109888071893503,137.75,0.0109888071893503,0.0,0.0552396489682061,2024-09-10,1.5137081903330039
2024-09-10 06:00:00,0.0109888071893503,0.0,0.0109888071893503,133.11,0.0109888071893503,0.0,0.0662284561575564,2024-09-10,1.4627201249744186
2024-09-10 07:00:00,0.4460693984019365,0.0,0.4460693984019365,96.96,0.4460693984019365,0.0,0.512297854559493,2024-09-10,43.25088886905176
2024-09-10 08:00:00,0.3969236592500257,0.17,0.2269236592500257,64.49,0.2269236592500257,0.0,0.7392215138095186,2024-09-10,25.597606785034156
2024-09-10 09:00:00,5.165120793654758,6.21,0.0,53.64,0.0,0.0,0.7392215138095186,2024-09-10,277.05707937164124
2024-09-10 10:00:00,32.67735826444729,38.73,0.0,48.51,0.0,0.0,0.7392215138095186,2024-09-10,1585.178649408338
2024-09-10 11:00:00,62.83222776709199,83.76,0.0,46.35,0.0,0.0,0.7392215138095186,2024-09-10,2912.273757004714
2024-09-10 12:00:00,81.2700063073377,117.47,0.0,46.82,0.0,0.0,0.7392215138095186,2024-09-10,3805.061695309551
2024-09-10 13:00:00,121.52403552492666,131.71,0.0,48.91,0.0,0.0,0.7392215138095186,2024-09-10,5943.740577524162
2024-09-10 14:00:00,122.71029718816186,113.02,9.690297188161864,50.46,9.690297188161864,0.0,10.429518701971382,2024-09-10,6191.961596114647
2024-09-10 15:00:00,120.99461019640208,119.19,1.8046101964020806,52.74,1.8046101964020806,0.0,12.234128898373463,2024-09-10,6381.255741758246
2024-09-10 16:00:00,103.25035421042536,122.9,0.0,63.34,0.0,0.0,12.234128898373463,2024-09-10,6539.877435688342
2024-09-10 17:00:00,86.5292257053595,115.16,0.0,97.38,0.0,0.0,12.234128898373463,2024-09-10,8426.215999187907
2024-09-10 18:00:00,75.41182017609482,94.05,0.0,140.55,0.0,0.0,12.234128898373463,2024-09-10,10599.131325750128
2024-09-10 19:00:00,41.22193354848787,55.52,0.0,148.87,0.0,12.864005958777735,0.0,2024-09-10,8051.773814446631
2024-09-10 20:00:00,14.282197286887524,15.27,0.0,137.9,0.0,0.0,0.0,2024-09-10,1969.5150058617896
2024-09-10 21:00:00,1.3604605759393942,0.97,0.3904605759393942,130.44,0.3904605759393942,0.0,0.0,2024-09-10,177.45847752553456
2024-09-10 22:00:00,0.0897363565942908,-0.07,0.1597363565942908,113.34,0.1597363565942908,0.0,0.0,2024-09-10,10.17071865639692
2024-09-10 23:00:00,0.0796801278705872,0.0,0.0796801278705872,109.41,0.0796801278705872,0.0,0.0,2024-09-10,8.717802790320945
2024-09-11 00:00:00,0.0143039637663023,0.07,0.0,107.92,0.0,0.0,0.0,2024-09-11,1.5436837696593444
2024-09-11 01:00:00,0.0063340778290305,-0.07,0.07633407782903051,107.2,0.07633407782903051,0.0,0.07633407782903051,2024-09-11,0.6790131432720696
2024-09-11 02:00:00,0.0076602513422464,0.0,0.0076602513422464,104.8,0.0076602513422464,0.0,0.08399432917127692,2024-09-11,0.8027943406674227
2024-09-11 03:00:00,0.0076952399378789,0.0,0.0076952399378789,108.07,0.0076952399378789,0.0,0.09168956910915582,2024-09-11,0.8316245800865727
2024-09-11 04:00:00,0.0076952399378789,0.0,0.0076952399378789,115.46,0.0076952399378789,0.0,0.09938480904703473,2024-09-11,0.8884924032274978
2024-09-11 05:00:00,0.0109888071893503,0.0,0.0109888071893503,124.16,0.0109888071893503,0.0,0.11037361623638503,2024-09-11,1.3643703006297334
2024-09-11 06:00:00,0.0109888071893503,0.0,0.0109888071893503,127.6,0.0109888071893503,0.0,0.12136242342573533,2024-09-11,1.4021717973610983
2024-09-11 07:00:00,0.0815397376489782,0.0,0.0815397376489782,89.66,0.0815397376489782,0.0,0.20290216107471354,2024-09-11,7.310852877607386
2024-09-11 08:00:00,0.3464393838887302,0.0,0.3464393838887302,63.1,0.3464393838887302,0.0,0.5493415449634438,2024-09-11,21.860325123378875
2024-09-11 09:00:00,4.896986177948829,0.0,4.896986177948829,53.55,4.896986177948829,0.0,5.446327722912272,2024-09-11,262.2336098291598
2024-09-11 10:00:00,26.933214638569304,0.0,26.933214638569304,50.37,26.933214638569304,0.0,32.379542361481576,2024-09-11,1356.6260213447358
2024-09-11 11:00:00,55.5079951130869,0.0,55.5079951130869,49.26,55.5079951130869,0.0,87.88753747456848,2024-09-11,2734.3238392706608
2024-09-11 12:00:00,69.73826006394741,0.0,69.73826006394741,49.27,12.112462525431525,0.0,100.0,2024-09-11,3436.004073350689
2024-09-11 13:00:00,61.46288102712271,0.0,61.46288102712271,50.01,0.0,0.0,100.0,2024-09-11,3073.7586801664065
2024-09-11 14:00:00,60.85103555072082,0.0,60.85103555072082,48.82,0.0,0.0,100.0,2024-09-11,2970.7475555861906
2024-09-11 15:00:00,78.93201538487125,0.0,78.93201538487125,53.13,0.0,0.0,100.0,2024-09-11,4193.657977398209
2024-09-11 16:00:00,73.03678344070023,0.0,73.03678344070023,63.41,0.0,0.0,100.0,2024-09-11,4631.262437974801
2024-09-11 17:00:00,88.04087558294792,0.0,88.04087558294792,99.95,0.0,0.0,100.0,2024-09-11,8799.685514515644
2024-09-11 18:00:00,58.79864245996739,0.0,58.79864245996739,136.97,0.0,0.0,100.0,2024-09-11,8053.650057741734
2024-09-11 19:00:00,25.131194545612853,0.0,25.131194545612853,143.47,0.0,100.0,0.0,2024-09-11,17952.572481459076
2024-09-11 20:00:00,12.407371493237063,0.0,12.407371493237063,140.82,0.0,0.0,0.0,2024-09-11,1747.2060536776432
2024-09-11 21:00:00,0.7122143601491042,0.0,0.7122143601491042,135.27,0.0,0.0,0.0,2024-09-11,96.34123649736934
2024-09-11 22:00:00,0.0740882487846224,0.0,0.0740882487846224,124.77,0.0,0.0,0.0,2024-09-11,9.243990800857338
2024-09-11 23:00:00,0.0678902409933689,0.0,0.0678902409933689,120.4,0.0,0.0,0.0,2024-09-11,8.173985015601616
2024-09-12 00:00:00,0.0353365719516678,0.0,0.0353365719516678,120.71,0.0353365719516678,0.0,0.0353365719516678,2024-09-12,4.26547760028582
2024-09-12 01:00:00,0.0113798745126779,0.0,0.0113798745126779,116.1,0.0113798745126779,0.0,0.046716446464345696,2024-09-12,1.321203430921904
2024-09-12 02:00:00,0.0011604144880094,0.0,0.0011604144880094,113.12,0.0011604144880094,0.0,0.0478768609523551,2024-09-12,0.13126608688362335
2024-09-12 03:00:00,0.0041936627039846,0.0,0.0041936627039846,120.68,0.0041936627039846,0.0,0.0520705236563397,2024-09-12,0.5060912151168615
2024-09-12 04:00:00,0.0043065851351432,0.0,0.0043065851351432,133.94,0.0043065851351432,0.0,0.0563771087914829,2024-09-12,0.5768240130010802
2024-09-12 05:00:00,0.0012907318145517,0.0,0.0012907318145517,144.26,0.0012907318145517,0.0,0.0576678406060346,2024-09-12,0.18620097156722823
2024-09-12 06:00:00,0.0043813222445808,0.0,0.0043813222445808,144.69,0.0043813222445808,1.4599428743603198,0.0,2024-09-12,211.87306800676308
2024-09-12 07:00:00,0.9778966559750184,0.0,0.9778966559750184,120.32,0.9778966559750184,0.0,0.0,2024-09-12,117.66052564691421
2024-09-12 08:00:00,0.1284453732921897,0.0,0.1284453732921897,84.45,0.1284453732921897,0.0,0.0,2024-09-12,10.84721177452542
2024-09-12 09:00:00,3.7405504151458047,6.97,0.0,58.68,0.0,0.0,0.0,2024-09-12,219.49549836075582
2024-09-12 10:00:00,23.184053846036345,37.57,0.0,49.15,0.0,0.0,0.0,2024-09-12,1139.4962465326864
2024-09-12 11:00:00,49.93991383052666,78.96,0.0,45.33,0.0,0.0,0.0,2024-09-12,2263.7762939377735
2024-09-12 12:00:00,61.97949848071642,108.43,0.0,45.37,0.0,0.0,0.0,2024-09-12,2812.009846070104
2024-09-12 13:00:00,85.286598795874,129.1,0.0,46.47,0.0,0.0,0.0,2024-09-12,3963.2682460442647
2024-09-12 14:00:00,85.286598795874,139.2,0.0,48.28,0.0,0.0,0.0,2024-09-12,4117.636989864797
2024-09-12 15:00:00,90.00849293736141,138.81,0.0,48.49,0.0,0.0,0.0,2024-09-12,4364.511822532655
2024-09-12 16:00:00,84.34040672541089,129.16,0.0,61.5,0.0,0.0,0.0,2024-09-12,5186.93501361277
2024-09-12 17:00:00,88.01747383665145,113.06,0.0,96.22,0.0,0.0,0.0,2024-09-12,8469.041332562601
2024-09-12 18:00:00,56.66707918617401,96.6,0.0,120.8,0.0,0.0,0.0,2024-09-12,6845.38316568982
2024-09-12 19:00:00,41.197216503953534,55.35,0.0,129.04,0.0,0.0,0.0,2024-09-12,5316.088817670164
2024-09-12 20:00:00,13.31391395355514,14.13,0.0,128.98,0.0,0.0,0.0,2024-09-12,1717.2286217295418
2024-09-12 21:00:00,0.7263435268157966,0.69,0.03634352681579667,115.73,0.03634352681579667,0.0,0.0,2024-09-12,84.05973635839214
2024-09-12 22:00:00,0.1750665345412415,0.0,0.1750665345412415,93.54,0.1750665345412415,0.0,0.0,2024-09-12,16.37572364098773
2024-09-12 23:00:00,0.0801416208854579,0.0,0.0801416208854579,89.16,0.0801416208854579,0.0,0.0,2024-09-12,7.145426918147426
2024-09-13 00:00:00,0.0143039637663023,0.0,0.0143039637663023,95.39,0.0143039637663023,0.0,0.0143039637663023,2024-09-13,1.3644551036675765
2024-09-13 01:00:00,0.0063340778290305,0.0,0.0063340778290305,96.9,0.0063340778290305,0.0,0.0206380415953328,2024-09-13,0.6137721416330555
2024-09-13 02:00:00,0.0076602513422464,0.0,0.0076602513422464,95.79,0.0076602513422464,0.0,0.0282982929375792,2024-09-13,0.7337754760737827
2024-09-13 03:00:00,0.0076952399378789,0.0,0.0076952399378789,96.53,0.0076952399378789,0.0,0.035993532875458104,2024-09-13,0.7428215112034502
2024-09-13 04:00:00,0.0006547901910253,0.0,0.0006547901910253,96.49,0.0006547901910253,0.0,0.036648323066483406,2024-09-13,0.0631807055320312
2024-09-13 05:00:00,0.0109888071893503,0.0,0.0109888071893503,105.16,0.0109888071893503,0.0,0.04763713025583371,2024-09-13,1.1555829640320776
2024-09-13 06:00:00,0.0109888071893503,0.0,0.0109888071893503,105.93,0.0109888071893503,0.6718480851655293,0.0,2024-09-13,72.3329120071524
2024-09-13 07:00:00,0.2499054783900213,0.0,0.2499054783900213,79.28,0.2499054783900213,0.0,0.0,2024-09-13,19.81250632676089
2024-09-13 08:00:00,0.3385308804785006,0.11,0.22853088047850062,55.37,0.22853088047850062,0.0,0.0,2024-09-13,18.744454852094577
2024-09-13 09:00:00,4.9913770380987055,5.63,0.0,47.56,0.0,0.0,0.0,2024-09-13,237.38989193197443
2024-09-13 10:00:00,36.239031438094905,39.75,0.0,46.85,0.0,0.0,0.0,2024-09-13,1697.7986228747463
2024-09-13 11:00:00,60.33491527099424,87.75,0.0,46.75,0.0,0.0,0.0,2024-09-13,2820.6572889189806
2024-09-13 12:00:00,70.84649353507672,126.09,0.0,46.95,0.0,0.0,0.0,2024-09-13,3326.242871471852
2024-09-13 13:00:00,66.03624676529009,144.39,0.0,47.16,0.0,0.0,0.0,2024-09-13,3114.2693974510803
2024-09-13 14:00:00,113.90901149079446,141.51,0.0,47.47,0.0,0.0,0.0,2024-09-13,5407.260775468013
2024-09-13 15:00:00,121.70415888773032,148.11,0.0,46.75,0.0,0.0,0.0,2024-09-13,5689.669428001393
2024-09-13 16:00:00,109.38377760223784,141.09,0.0,47.75,0.0,0.0,0.0,2024-09-13,5223.075380506857
2024-09-13 17:00:00,93.23554600838906,127.84,0.0,62.68,0.0,0.0,0.0,2024-09-13,5844.004023805826
2024-09-13 18:00:00,73.74355725757266,96.41,0.0,86.43,0.0,0.0,0.0,2024-09-13,6373.655653772005
2024-09-13 19:00:00,43.964653696936566,50.95,0.0,84.84,0.0,0.0,0.0,2024-09-13,3729.9612196480984
2024-09-13 20:00:00,13.696347763079338,14.98,0.0,73.26,0.0,0.0,0.0,2024-09-13,1003.3944371231923
2024-09-13 21:00:00,0.5731990053156328,0.63,0.0,59.91,0.0,0.0,0.0,2024-09-13,34.34035240845956
2024-09-13 22:00:00,0.0687733346330579,0.0,0.0687733346330579,54.68,0.0687733346330579,0.0,0.0,2024-09-13,3.760525937735606
2024-09-13 23:00:00,0.0660124542187655,0.0,0.0660124542187655,52.36,0.0660124542187655,0.0,0.0,2024-09-13,3.4564121028945616
2024-09-14 00:00:00,0.010988574184836,0.0,0.010988574184836,52.1,0.010988574184836,0.0,0.010988574184836,2024-09-14,0.5725047150299556
2024-09-14 01:00:00,0.0063340778290305,0.0,0.0063340778290305,56.89,0.0063340778290305,0.0,0.0173226520138665,2024-09-14,0.36034568769354514
2024-09-14 02:00:00,0.0076602513422464,0.0,0.0076602513422464,58.47,0.0076602513422464,0.0,0.0249829033561129,2024-09-14,0.447894895981147
2024-09-14 03:00:00,0.0076952399378789,0.0,0.0076952399378789,63.34,0.0076952399378789,0.0,0.0326781432939918,2024-09-14,0.4874164976652495
2024-09-14 04:00:00,0.0076952399378789,0.0,0.0076952399378789,67.28,0.0076952399378789,0.0,0.0403733832318707,2024-09-14,0.5177357430204924
2024-09-14 05:00:00,0.0109888071893503,0.0,0.0109888071893503,69.17,0.0109888071893503,0.0,0.051362190421221005,2024-09-14,0.7600957932873603
2024-09-14 06:00:00,0.0109888071893503,0.0,0.0109888071893503,70.09,0.0109888071893503,0.0,0.06235099761057131,2024-09-14,0.7702054959015626
2024-09-14 07:00:00,0.2509721450569053,0.0,0.2509721450569053,56.42,0.2509721450569053,0.0,0.31332314266747663,2024-09-14,14.159848424110598
2024-09-14 08:00:00,0.3527923619598775,0.16,0.1927923619598775,41.65,0.1927923619598775,0.0,0.5061155046273541,2024-09-14,14.693801875628898
2024-09-14 09:00:00,5.055843704765457,5.87,0.0,35.21,0.0,0.0,0.5061155046273541,2024-09-14,178.01625684479174
2024-09-14 10:00:00,26.31992830029063,19.25,7.069928300290631,34.19,7.069928300290631,0.0,7.576043804917985,2024-09-14,899.8783485869366
2024-09-14 11:00:00,58.13710294309122,12.15,45.98710294309122,37.36,45.98710294309122,0.0,53.56314674800921,2024-09-14,2172.002165953888
2024-09-14 12:00:00,72.24996803174817,92.16,0.0,38.51,0.0,0.0,53.56314674800921,2024-09-14,2782.346268902622
2024-09-14 13:00:00,117.37623989578366,122.86,0.0,37.95,0.0,0.0,53.56314674800921,2024-09-14,4454.42830404499
2024-09-14 14:00:00,125.55218917547884,124.59,0.9621891754788408,37.68,0.9621891754788408,0.0,54.52533592348805,2024-09-14,4730.806488132042
2024-09-14 15:00:00,119.09921715439587,121.42,0.0,39.2,0.0,0.0,54.52533592348805,2024-09-14,4668.6893124523185
2024-09-14 16:00:00,109.21476707592208,116.28,0.0,48.15,0.0,0.0,54.52533592348805,2024-09-14,5258.691034705648
2024-09-14 17:00:00,92.71472321461168,108.61,0.0,84.88,0.0,0.0,54.52533592348805,2024-09-14,7869.625706456239
2024-09-14 18:00:00,76.69539155530475,86.2,0.0,108.52,0.0,54.88205272715391,0.0,2024-09-14,14278.784253532413
2024-09-14 19:00:00,24.685032440394917,41.76,0.0,104.43,0.0,0.0,0.0,2024-09-14,2577.857937750441
2024-09-14 20:00:00,11.348054072602007,12.09,0.0,93.7,0.0,0.0,0.0,2024-09-14,1063.3126666028081
2024-09-14 21:00:00,0.5586270181364515,0.41,0.14862701813645157,87.65,0.14862701813645157,0.0,0.0,2024-09-14,48.963658139659984
2024-09-14 22:00:00,0.0574046371286524,0.0,0.0574046371286524,82.83,0.0574046371286524,0.0,0.0,2024-09-14,4.754826093366279
2024-09-14 23:00:00,0.1506851484007559,0.0,0.1506851484007559,81.07,0.1506851484007559,0.0,0.0,2024-09-14,12.21604498084928
2024-09-15 00:00:00,1.2300639182296988,0.0,1.2300639182296988,84.17,1.2300639182296988,0.0,1.2300639182296988,2024-09-15,103.53447999739376
2024-09-15 01:00:00,6.383083182391627e-05,0.0,6.383083182391627e-05,87.14,6.383083182391627e-05,0.0,1.2301277490615228,2024-09-15,0.005562218685136064
2024-09-15 02:00:00,0.0011604144880094,0.0,0.0011604144880094,87.2,0.0011604144880094,0.0,1.231288163549532,2024-09-15,0.10118814335441968
2024-09-15 03:00:00,0.0011604144880094,0.0,0.0011604144880094,88.08,0.0011604144880094,100.0,0.0,2024-09-15,8808.102209308105
2024-09-15 04:00:00,0.0026588619736332,0.0,0.0026588619736332,87.95,0.0026588619736332,0.0,0.0,2024-09-15,0.23384691058103993
2024-09-15 05:00:00,0.0012907318145517,0.0,0.0012907318145517,85.49,0.0012907318145517,0.0,0.0,2024-09-15,0.11034466282602483
2024-09-15 06:00:00,0.0006301721691343,0.0,0.0006301721691343,81.74,0.0006301721691343,0.0,0.0,2024-09-15,0.05151027310503768
2024-09-15 07:00:00,0.4418779326640067,0.0,0.4418779326640067,60.38,0.4418779326640067,0.0,0.0,2024-09-15,26.680589574252725
2024-09-15 08:00:00,0.3585344098900639,0.1,0.25853440989006393,46.23,0.25853440989006393,0.0,0.0,2024-09-15,16.575045769217652
2024-09-15 09:00:00,4.103420865934941,5.52,0.0,41.19,0.0,0.0,0.0,2024-09-15,169.0199054678602
2024-09-15 10:00:00,26.41726802517331,32.33,0.0,43.52,0.0,0.0,0.0,2024-09-15,1149.6795044555427
2024-09-15 11:00:00,60.31929056972698,14.39,45.92929056972698,44.01,45.92929056972698,0.0,0.0,2024-09-15,2654.651977973684
2024-09-15 12:00:00,75.60676695152225,11.89,63.716766951522246,41.91,52.13326874372409,0.0,0.0,2024-09-15,3168.679602938297
2024-09-15 13:00:00,123.05124380572536,12.17,110.88124380572536,42.58,0.0,0.0,0.0,2024-09-15,5239.521961247786
2024-09-15 14:00:00,124.29085655439282,90.44,33.85085655439282,43.02,0.0,0.0,0.0,2024-09-15,5346.992648969979
2024-09-15 15:00:00,119.09921715439587,117.0,2.0992171543958733,42.33,0.0,0.0,0.0,2024-09-15,5041.469862145577
2024-09-15 16:00:00,108.88342477519718,115.5,0.0,42.78,0.0,0.0,0.0,2024-09-15,4658.032911882936
2024-09-15 17:00:00,94.98503183398654,107.17,0.0,57.46,0.0,0.0,0.0,2024-09-15,5457.839929180866
2024-09-15 18:00:00,75.80460438738574,85.35,0.0,75.65,0.0,0.0,0.0,2024-09-15,5734.618321905731
2024-09-15 19:00:00,39.45280941122077,45.64,0.0,73.34,0.0,0.0,0.0,2024-09-15,2893.4690422189315
2024-09-15 20:00:00,10.13493330928874,12.5,0.0,68.52,0.0,0.0,0.0,2024-09-15,694.4456303524645
2024-09-15 21:00:00,0.2908921251522275,0.5,0.0,62.09,0.0,0.0,0.0,2024-09-15,18.06149205070181
2024-09-15 22:00:00,0.0696560170207415,0.0,0.0696560170207415,60.99,0.0,0.0,0.0,2024-09-15,4.2483204780950246
2024-09-15 23:00:00,0.1243441120506357,0.0,0.1243441120506357,65.63,0.0,0.0,0.0,2024-09-15,8.16070407388322
2024-09-16 00:00:00,0.0143091952046347,0.0,0.0143091952046347,65.37,0.0143091952046347,0.0,0.0143091952046347,2024-09-16,0.9353920905269704
2024-09-16 01:00:00,0.0063340778290305,0.0,0.0063340778290305,61.11,0.0063340778290305,0.0,0.0206432730336652,2024-09-16,0.38707549613205383
2024-09-16 02:00:00,0.0076602513422464,0.0,0.0076602513422464,62.61,0.0076602513422464,0.0,0.0283035243759116,2024-09-16,0.47960833653804713
2024-09-16 03:00:00,0.0076952399378789,0.0,0.0076952399378789,61.84,0.0076952399378789,0.0,0.0359987643137905,2024-09-16,0.4758736377584312
2024-09-16 04:00:00,0.0076952399378789,0.0,0.0076952399378789,63.8,0.0076952399378789,0.0,0.0436940042516694,2024-09-16,0.4909563080366738
2024-09-16 05:00:00,0.0006547901910253,0.0,0.0006547901910253,72.19,0.0006547901910253,0.0,0.044348794442694704,2024-09-16,0.0472693038901164
2024-09-16 06:00:00,0.0004175571748793,0.0,0.0004175571748793,79.21,0.0004175571748793,0.0,0.044766351617574,2024-09-16,0.03307470382218935
2024-09-16 07:00:00,0.4617558051877112,0.0,0.4617558051877112,58.19,0.4617558051877112,0.0,0.5065221568052852,2024-09-16,26.869570303872912
2024-09-16 08:00:00,0.3549559983236504,0.08,0.27495599832365036,43.31,0.27495599832365036,0.0,0.7814781551289356,2024-09-16,15.373144287397299
2024-09-16 09:00:00,5.0593580698416005,5.53,0.0,42.56,0.0,0.0,0.7814781551289356,2024-09-16,215.32627945245852
2024-09-16 10:00:00,22.35404854925876,40.96,0.0,43.11,0.0,0.0,0.7814781551289356,2024-09-16,963.6830329585451
2024-09-16 11:00:00,56.34517920527014,89.19,0.0,41.88,0.0,0.0,0.7814781551289356,2024-09-16,2359.7361051167136
2024-09-16 12:00:00,71.26427537035302,122.75,0.0,41.21,0.0,0.0,0.7814781551289356,2024-09-16,2936.800788012248
2024-09-16 13:00:00,69.5949728139935,141.01,0.0,41.9,0.0,0.0,0.7814781551289356,2024-09-16,2916.0293609063274
2024-09-16 14:00:00,86.18959879587386,140.46,0.0,42.34,0.0,0.0,0.7814781551289356,2024-09-16,3649.2676130172995
2024-09-16 15:00:00,81.7861643730554,134.61,0.0,42.33,0.0,0.0,0.7814781551289356,2024-09-16,3462.008337911435
2024-09-16 16:00:00,84.74004450318844,122.47,0.0,51.86,0.0,0.0,0.7814781551289356,2024-09-16,4394.618707935352
2024-09-16 17:00:00,75.33156432367134,120.15,0.0,78.73,0.0,0.0,0.7814781551289356,2024-09-16,5930.854059202646
2024-09-16 18:00:00,53.14788656378005,94.48,0.0,98.21,0.0,0.9523835000034099,0.0,2024-09-16,5313.187522964174
2024-09-16 19:00:00,27.08529890606861,51.39,0.0,96.41,0.0,0.0,0.0,2024-09-16,2611.2936675340743
2024-09-16 20:00:00,8.720953269603788,13.63,0.0,85.84,0.0,0.0,0.0,2024-09-16,748.6066286627891
2024-09-16 21:00:00,0.2767629584855352,0.55,0.0,72.78,0.0,0.0,0.0,2024-09-16,20.142808118577253
2024-09-16 22:00:00,0.1119838869737907,0.0,0.1119838869737907,60.39,0.1119838869737907,0.0,0.0,2024-09-16,6.762706934347221
2024-09-16 23:00:00,0.0589214579006836,0.0,0.0589214579006836,58.79,0.0589214579006836,0.0,0.0,2024-09-16,3.463992509981189
2024-09-17 00:00:00,0.0235920252516234,0.0,0.0235920252516234,56.78,0.0235920252516234,0.0,0.0235920252516234,2024-09-17,1.3395551937871766
2024-09-17 01:00:00,-9.709415524676757e-05,0.0,0.0,58.73,0.0,0.0,0.0235920252516234,2024-09-17,-0.005702339737642659
2024-09-17 02:00:00,0.0010075260243871,0.0,0.0010075260243871,56.58,0.0010075260243871,0.0,0.0245995512760105,2024-09-17,0.05700582245982212
2024-09-17 03:00:00,0.0010075260243871,0.0,0.0010075260243871,54.17,0.0010075260243871,0.0,0.0256070773003976,2024-09-17,0.054577684741049216
2024-09-17 04:00:00,0.0026588619736332,0.0,0.0026588619736332,56.95,0.0026588619736332,0.0,0.028265939274030802,2024-09-17,0.15142218939841073
2024-09-17 05:00:00,0.0045303627571382,0.0,0.0045303627571382,74.11,0.0045303627571382,0.0,0.032796302031169004,2024-09-17,0.335745183931512
2024-09-17 06:00:00,0.0043813222445808,0.0,0.0043813222445808,82.95,0.0043813222445808,0.0,0.037177624275749804,2024-09-17,0.36343068018797736
2024-09-17 07:00:00,0.319740967435472,0.0,0.319740967435472,60.35,0.319740967435472,0.0,0.35691859171122176,2024-09-17,19.296367384730733
2024-09-17 08:00:00,0.0853305407406375,0.14,0.0,40.63,0.0,0.0,0.35691859171122176,2024-09-17,3.466979870292102
2024-09-17 09:00:00,4.861059987729247,5.36,0.0,39.15,0.0,0.0,0.35691859171122176,2024-09-17,190.3104985196
2024-09-17 10:00:00,35.224734134626054,39.07,0.0,37.5,0.0,0.0,0.35691859171122176,2024-09-17,1320.9275300484771
2024-09-17 11:00:00,62.163828310684494,86.36,0.0,38.6,0.0,0.0,0.35691859171122176,2024-09-17,2399.5237727924214
2024-09-17 12:00:00,81.33800823771841,123.33,0.0,38.88,0.0,0.0,0.35691859171122176,2024-09-17,3162.421760282492
2024-09-17 13:00:00,124.10848010250056,140.95,0.0,39.24,0.0,0.0,0.35691859171122176,2024-09-17,4870.016759222122
2024-09-17 14:00:00,122.2981898127701,140.25,0.0,40.72,0.0,0.0,0.35691859171122176,2024-09-17,4979.982289175999
2024-09-17 15:00:00,121.9701509639204,138.42,0.0,42.0,0.0,0.0,0.35691859171122176,2024-09-17,5122.746340484657
2024-09-17 16:00:00,107.71920048948418,128.64,0.0,48.71,0.0,0.0,0.35691859171122176,2024-09-17,5247.0022558427745
2024-09-17 17:00:00,90.1894194910664,106.83,0.0,70.45,0.0,0.0,0.35691859171122176,2024-09-17,6353.844603145629
2024-09-17 18:00:00,65.38676518702879,90.89,0.0,90.58,0.0,0.0,0.35691859171122176,2024-09-17,5922.733190641067
2024-09-17 19:00:00,34.34422547571259,48.38,0.0,91.72,0.0,0.46242027160434346,0.0,2024-09-17,3192.465547943909
2024-09-17 20:00:00,8.636838507698863,11.22,0.0,83.66,0.0,0.0,0.0,2024-09-17,722.5579095540869
2024-09-17 21:00:00,0.2619429016037369,0.38,0.0,74.68,0.0,0.0,0.0,2024-09-17,19.561895891767072
2024-09-17 22:00:00,0.0630447970615573,0.0,0.0630447970615573,65.37,0.0630447970615573,0.0,0.0,2024-09-17,4.121238383914001
2024-09-17 23:00:00,0.0424568828315644,0.0,0.0424568828315644,63.51,0.0424568828315644,0.0,0.0,2024-09-17,2.696436628632655
2024-09-18 00:00:00,0.0143091952046347,0.0,0.0143091952046347,66.55,0.0143091952046347,0.0,0.0143091952046347,2024-09-18,0.9522769408684393
2024-09-18 01:00:00,0.0063340778290305,0.0,0.0063340778290305,68.29,0.0063340778290305,0.0,0.0206432730336652,2024-09-18,0.4325541749444929
2024-09-18 02:00:00,0.0076602513422464,0.0,0.0076602513422464,72.34,0.0076602513422464,0.0,0.0283035243759116,2024-09-18,0.5541425820981046
2024-09-18 03:00:00,0.0076952399378789,0.0,0.0076952399378789,89.59,0.0076952399378789,0.0,0.0359987643137905,2024-09-18,0.6894165460345707
2024-09-18 04:00:00,0.0006547901910253,0.0,0.0006547901910253,107.53,0.0006547901910253,0.0,0.036653554504815805,2024-09-18,0.0704095892409505
2024-09-18 05:00:00,0.0012907318145517,0.0,0.0012907318145517,119.63,0.0012907318145517,0.0,0.037944286319367505,2024-09-18,0.15441024697481986
2024-09-18 06:00:00,0.0012531785868162,0.0,0.0012531785868162,121.68,0.0012531785868162,0.0,0.039197464906183706,2024-09-18,0.15248677044379522
2024-09-18 07:00:00,0.4443934711297889,0.0,0.4443934711297889,111.15,0.4443934711297889,0.0,0.4835909360359726,2024-09-18,49.39433431607604
2024-09-18 08:00:00,0.0908944972286466,0.07,0.0208944972286466,75.03,0.0208944972286466,0.0,0.5044854332646191,2024-09-18,6.819814127065355
2024-09-18 09:00:00,3.858590502272449,5.45,0.0,54.47,0.0,0.0,0.5044854332646191,2024-09-18,210.1774246587803
2024-09-18 10:00:00,23.608776653531763,35.71,0.0,53.7,0.0,0.0,0.5044854332646191,2024-09-18,1267.7913062946557
2024-09-18 11:00:00,65.2016938617063,79.96,0.0,53.04,0.0,0.0,0.5044854332646191,2024-09-18,3458.2978424249022
2024-09-18 12:00:00,77.49206113280255,116.06,0.0,48.22,0.0,0.0,0.5044854332646191,2024-09-18,3736.667187823739
2024-09-18 13:00:00,123.30250922096536,132.71,0.0,46.81,0.0,0.0,0.5044854332646191,2024-09-18,5771.790456633389
2024-09-18 14:00:00,119.09456722106415,133.24,0.0,50.13,0.0,0.0,0.5044854332646191,2024-09-18,5970.210654791947
2024-09-18 15:00:00,112.62882134823592,108.77,3.858821348235921,58.74,3.858821348235921,0.0,4.36330678150054,2024-09-18,6615.816965995378
2024-09-18 16:00:00,105.36320487545208,106.94,0.0,83.94,0.0,0.0,4.36330678150054,2024-09-18,8844.187417245448
2024-09-18 17:00:00,84.3718975508928,102.32,0.0,125.14,0.0,0.0,4.36330678150054,2024-09-18,10558.299259518724
2024-09-18 18:00:00,68.49315637862178,86.67,0.0,139.24,0.0,4.446345925951541,0.0,2024-09-18,10156.096300888788
2024-09-18 19:00:00,39.154960106182365,44.82,0.0,135.26,0.0,0.0,0.0,2024-09-18,5296.099903962227
2024-09-18 20:00:00,8.602417337406955,10.01,0.0,138.27,0.0,0.0,0.0,2024-09-18,1189.4562452432597
2024-09-18 21:00:00,0.1979138992294751,0.24,0.0,129.67,0.0,0.0,0.0,2024-09-18,25.663495313086035
2024-09-18 22:00:00,0.0424568828315644,0.0,0.0424568828315644,128.49,0.0424568828315644,0.0,0.0,2024-09-18,5.4552848750277105
2024-09-18 23:00:00,0.0405822616194358,0.0,0.0405822616194358,125.91,0.0405822616194358,0.0,0.0,2024-09-18,5.109712560503162
2024-09-19 00:00:00,0.0244680178539473,0.0,0.0244680178539473,126.02,0.0244680178539473,0.0,0.0244680178539473,2024-09-19,3.0834596099544385
2024-09-19 01:00:00,0.0113798745126779,0.0,0.0113798745126779,129.33,0.0113798745126779,0.0,0.0358478923666252,2024-09-19,1.471759170724633
2024-09-19 02:00:00,0.0005172414292252,0.0,0.0005172414292252,133.03,0.0005172414292252,0.0,0.0363651337958504,2024-09-19,0.06880862732982836
2024-09-19 03:00:00,0.0011604144880094,0.0,0.0011604144880094,137.18,0.0011604144880094,0.0,0.0375255482838598,2024-09-19,0.1591856594651295
2024-09-19 04:00:00,0.0019944543771509,0.0,0.0019944543771509,145.33,0.0019944543771509,0.0,0.0395200026610107,2024-09-19,0.28985405463134034
2024-09-19 05:00:00,0.0006547901910253,0.0,0.0006547901910253,157.25,0.0006547901910253,0.0,0.040174792852036005,2024-09-19,0.10296575753872843
2024-09-19 06:00:00,0.0006301721691343,0.0,0.0006301721691343,163.2,0.0006301721691343,0.0,0.04080496502117031,2024-09-19,0.10284409800271775
2024-09-19 07:00:00,1.6489650766285393,0.0,1.6489650766285393,138.97,1.6489650766285393,0.0,1.6897700416497097,2024-09-19,229.1566766990681
2024-09-19 08:00:00,0.2771151954191808,0.04,0.23711519541918077,106.98,0.23711519541918077,0.0,1.9268852370688905,2024-09-19,29.64578360594396
2024-09-19 09:00:00,3.083520885254288,4.32,0.0,89.99,0.0,0.0,1.9268852370688905,2024-09-19,277.4860444640334
2024-09-19 10:00:00,21.723326905830294,27.86,0.0,83.47,0.0,0.0,1.9268852370688905,2024-09-19,1813.2460968296546
2024-09-19 11:00:00,45.10486929445224,59.02,0.0,89.37,0.0,0.0,1.9268852370688905,2024-09-19,4031.022168845197
2024-09-19 12:00:00,61.13943764775084,52.67,8.469437647750837,84.83,8.469437647750837,0.0,10.396322884819728,2024-09-19,5186.458495658703
2024-09-19 13:00:00,91.46452890724264,56.93,34.53452890724264,85.65,34.53452890724264,0.0,44.93085179206237,2024-09-19,7833.936900905333
2024-09-19 14:00:00,81.65989955938669,33.14,48.51989955938669,97.8,48.51989955938669,0.0,93.45075135144906,2024-09-19,7986.338176908018
2024-09-19 15:00:00,67.09240714573757,68.61,0.0,111.64,0.0,0.0,93.45075135144906,2024-09-19,7490.196333750142
2024-09-19 16:00:00,52.61636300258876,78.79,0.0,125.86,0.0,0.0,93.45075135144906,2024-09-19,6622.295447505821
2024-09-19 17:00:00,28.63152567717269,65.8,0.0,155.29,0.0,0.0,93.45075135144906,2024-09-19,4446.1896224081465
2024-09-19 18:00:00,23.030461528253184,18.04,4.990461528253185,169.98,4.990461528253185,0.0,98.44121287970225,2024-09-19,3914.717850572476
2024-09-19 19:00:00,26.899945907396173,1.93,24.969945907396173,170.77,1.558787120297751,100.0,0.0,2024-09-19,21670.703762606045
2024-09-19 20:00:00,7.330233166676667,0.05,7.280233166676667,164.41,0.0,0.0,0.0,2024-09-19,1205.1636349333107
2024-09-19 21:00:00,0.1773259849994822,0.0,0.1773259849994822,158.69,0.0,0.0,0.0,2024-09-19,28.139860559567833
2024-09-19 22:00:00,0.0383335436706907,0.0,0.0383335436706907,153.04,0.0,0.0,0.0,2024-09-19,5.866565523362505
2024-09-19 23:00:00,0.0551200866213582,0.0,0.0551200866213582,152.22,0.0,0.0,0.0,2024-09-19,8.390379585503146
2024-09-20 00:00:00,0.4242213232004156,0.0,0.4242213232004156,152.11,0.4242213232004156,0.0,0.4242213232004156,2024-09-20,64.52830547201522
2024-09-20 01:00:00,0.0415877362064606,0.0,0.0415877362064606,152.2,0.0415877362064606,0.0,0.4658090594068762,2024-09-20,6.329653450623303
2024-09-20 02:00:00,0.0011190133092089,0.0,0.0011190133092089,153.78,0.0011190133092089,0.0,0.4669280727160851,2024-09-20,0.17208186669014466
2024-09-20 03:00:00,0.0005172414292252,0.0,0.0005172414292252,156.25,0.0005172414292252,0.0,0.4674453141453103,2024-09-20,0.08081897331643749
2024-09-20 04:00:00,0.0006301638603838,0.0,0.0006301638603838,159.53,0.0006301638603838,0.0,0.4680754780056941,2024-09-20,0.10053004064702761
2024-09-20 05:00:00,0.001443620278174,0.0,0.001443620278174,165.58,0.001443620278174,0.0,0.4695190982838681,2024-09-20,0.23903464566005092
2024-09-20 06:00:00,0.0012531785868162,0.0,0.0012531785868162,172.46,0.0012531785868162,100.0,0.0,2024-09-20,17246.21612317908
2024-09-20 07:00:00,0.0539400170612655,0.0,0.0539400170612655,155.97,0.0539400170612655,0.0,0.0,2024-09-20,8.41302446104558
2024-09-20 08:00:00,0.0859001482735572,0.0,0.0859001482735572,125.92,0.0859001482735572,0.0,0.0,2024-09-20,10.816546670606323
2024-09-20 09:00:00,3.878678821977963,2.01,1.868678821977963,105.49,1.868678821977963,0.0,0.0,2024-09-20,409.1618289304553
2024-09-20 10:00:00,24.51642908433229,7.77,16.74642908433229,92.75,16.74642908433229,0.0,0.0,2024-09-20,2273.89879757182
2024-09-20 11:00:00,44.351775612370986,14.5,29.851775612370986,81.12,29.851775612370986,0.0,0.0,2024-09-20,3597.8160376755345
2024-09-20 12:00:00,74.02967248374887,21.51,52.51967248374886,73.02,50.92250403911325,0.0,0.0,2024-09-20,5405.646684763342
2024-09-20 13:00:00,75.82455160116045,64.72,11.104551601160452,69.44,0.0,0.0,0.0,2024-09-20,5265.256863184582
2024-09-20 14:00:00,105.54778263744583,78.67,26.877782637445833,74.3,0.0,0.0,0.0,2024-09-20,7842.200249962225
2024-09-20 15:00:00,64.75133781208496,82.85,0.0,94.21,0.0,0.0,0.0,2024-09-20,6100.223535276523
2024-09-20 16:00:00,55.5258589310067,83.6,0.0,121.09,0.0,0.0,0.0,2024-09-20,6723.626257955601
2024-09-20 17:00:00,34.89239823294006,41.14,0.0,151.06,0.0,0.0,0.0,2024-09-20,5270.845677067926
2024-09-20 18:00:00,22.76192634668268,33.88,0.0,159.44,0.0,0.0,0.0,2024-09-20,3629.1615367150866
2024-09-20 19:00:00,28.043091862359315,16.93,11.113091862359315,156.26,0.0,0.0,0.0,2024-09-20,4382.013534412266
2024-09-20 20:00:00,7.607148642866935,7.72,0.0,151.5,0.0,0.0,0.0,2024-09-20,1152.4830193943408
2024-09-20 21:00:00,0.1773259849994822,0.13,0.04732598499948221,141.17,0.0,0.0,0.0,2024-09-20,25.0331093023769
2024-09-20 22:00:00,0.0383335436706907,0.0,0.0383335436706907,129.39,0.0,0.0,0.0,2024-09-20,4.959977215550669
2024-09-20 23:00:00,0.0383335436706907,0.0,0.0383335436706907,117.36,0.0,0.0,0.0,2024-09-20,4.498824685192261
2024-09-21 00:00:00,0.1667034848098996,0.0,0.1667034848098996,121.85,0.1667034848098996,0.0,0.1667034848098996,2024-09-21,20.312819624086266
2024-09-21 01:00:00,0.0415877362064606,0.0,0.0415877362064606,121.23,0.0415877362064606,0.0,0.20829122101636022,2024-09-21,5.041681260309218
2024-09-21 02:00:00,0.0041936627039846,0.0,0.0041936627039846,124.76,0.0041936627039846,0.0,0.21248488372034482,2024-09-21,0.5232013589491187
2024-09-21 03:00:00,0.0041936627039846,0.0,0.0041936627039846,129.57,0.0041936627039846,0.0,0.21667854642432943,2024-09-21,0.5433728765552845
2024-09-21 04:00:00,0.0043065851351432,0.0,0.0043065851351432,126.91,0.0043065851351432,0.0,0.22098513155947264,2024-09-21,0.5465487195010236
2024-09-21 05:00:00,0.0045303627571382,0.0,0.0045303627571382,118.14,0.0045303627571382,0.0,0.22551549431661083,2024-09-21,0.535217056128307
2024-09-21 06:00:00,0.0043813222445808,0.0,0.0043813222445808,117.34,0.0043813222445808,0.0,0.22989681656119162,2024-09-21,0.5141043521791111
2024-09-21 07:00:00,0.1282828399459137,0.0,0.1282828399459137,110.53,0.1282828399459137,0.0,0.3581796565071053,2024-09-21,14.17910229922184
2024-09-21 08:00:00,0.2065610065149846,0.05,0.1565610065149846,92.1,0.1565610065149846,0.0,0.5147406630220899,2024-09-21,19.02426870003008
2024-09-21 09:00:00,8.65780308692231,3.85,4.807803086922311,75.48,4.807803086922311,0.0,5.322543749944401,2024-09-21,653.490977000896
2024-09-21 10:00:00,11.045187744959922,12.46,0.0,58.18,0.0,0.0,5.322543749944401,2024-09-21,642.6090230017683
2024-09-21 11:00:00,32.64584868215804,11.04,21.60584868215804,51.41,21.60584868215804,0.0,26.92839243210244,2024-09-21,1678.3230807497448
2024-09-21 12:00:00,28.623128306527963,17.32,11.303128306527963,51.06,11.303128306527963,0.0,38.23152073863041,2024-09-21,1461.496931331318
2024-09-21 13:00:00,35.249360174132654,22.83,12.419360174132656,49.41,12.419360174132656,0.0,50.650880912763064,2024-09-21,1741.6708862038943
2024-09-21 14:00:00,38.14162151261019,17.03,21.111621512610192,47.31,21.111621512610192,0.0,71.76250242537326,2024-09-21,1804.4801137615884
2024-09-21 15:00:00,43.89138075189168,86.2,0.0,50.16,0.0,0.0,71.76250242537326,2024-09-21,2201.5916585148866
2024-09-21 16:00:00,39.92831997813579,67.09,0.0,74.36,0.0,0.0,71.76250242537326,2024-09-21,2969.069873574177
2024-09-21 17:00:00,31.98752274303912,10.65,21.337522743039116,112.15,21.337522743039116,0.0,93.10002516841237,2024-09-21,3587.400675631837
2024-09-21 18:00:00,22.05121492938913,12.33,9.721214929389129,126.46,6.8999748315876275,0.0,100.0,2024-09-21,2788.596639970549
2024-09-21 19:00:00,27.87912924072868,19.43,8.44912924072868,131.21,0.0,0.0,100.0,2024-09-21,3658.02054767601
2024-09-21 20:00:00,6.980806887721074,7.55,0.0,131.63,0.0,100.0,0.0,2024-09-21,14081.883610630724
2024-09-21 21:00:00,0.277937211827734,0.13,0.147937211827734,130.16,0.0,0.0,0.0,2024-09-21,36.17630749149786
2024-09-21 22:00:00,0.0436865562625883,0.0,0.0436865562625883,129.74,0.0,0.0,0.0,2024-09-21,5.6678938095082065
2024-09-21 23:00:00,0.0373827603228461,0.0,0.0373827603228461,127.6,0.0,0.0,0.0,2024-09-21,4.770040217195162
2024-09-22 00:00:00,0.179835644929505,0.0,0.179835644929505,123.76,0.179835644929505,0.0,0.179835644929505,2024-09-22,22.25645941647554
2024-09-22 01:00:00,-0.000212495567487,0.0,0.0,121.11,0.0,0.0,0.179835644929505,2024-09-22,-0.02573533817835057
2024-09-22 02:00:00,0.0004751210048758,0.0,0.0004751210048758,117.34,0.0004751210048758,0.0,0.18031076593438078,2024-09-22,0.05575069871212637
2024-09-22 03:00:00,0.0004751210048758,0.0,0.0004751210048758,125.15,0.0004751210048758,0.0,0.18078588693925657,2024-09-22,0.05946139376020638
2024-09-22 04:00:00,0.0006301638603838,0.0,0.0006301638603838,129.45,0.0006301638603838,0.0,0.18141605079964038,2024-09-22,0.0815747117266829
2024-09-22 05:00:00,0.0008261231624111,0.0,0.0008261231624111,135.79,0.0008261231624111,0.0,0.18224217396205147,2024-09-22,0.11217926422380325
2024-09-22 06:00:00,0.0006092862824831,0.0,0.0006092862824831,139.49,0.0006092862824831,100.0,0.0,2024-09-22,13949.084989343544
2024-09-22 07:00:00,0.8750602631462556,0.0,0.8750602631462556,114.13,0.8750602631462556,0.0,0.0,2024-09-22,99.87062783288215
2024-09-22 08:00:00,0.0843017958707913,0.02,0.0643017958707913,74.83,0.0643017958707913,0.0,0.0,2024-09-22,6.308303385011313
2024-09-22 09:00:00,4.043092292363547,3.3,0.7430922923635475,55.8,0.7430922923635475,0.0,0.0,2024-09-22,225.60454991388593
2024-09-22 10:00:00,34.60560883263669,20.46,14.14560883263669,54.82,14.14560883263669,0.0,0.0,2024-09-22,1897.0794762051435
2024-09-22 11:00:00,55.53824362084288,11.69,43.84824362084288,49.78,43.84824362084288,0.0,0.0,2024-09-22,2764.6937674455585
2024-09-22 12:00:00,62.59598176082887,12.29,50.30598176082887,50.71,40.140841734895304,0.0,0.0,2024-09-22,3174.242235091632
2024-09-22 13:00:00,86.04776188034552,58.03,28.017761880345518,55.61,0.0,0.0,0.0,2024-09-22,4785.116038166014
2024-09-22 14:00:00,93.16225949004152,87.91,5.252259490041524,54.28,0.0,0.0,0.0,2024-09-22,5056.847445119454
2024-09-22 15:00:00,96.4258830628687,12.06,84.3658830628687,61.27,0.0,0.0,0.0,2024-09-22,5908.013855261966
2024-09-22 16:00:00,70.779967211604,22.15,48.629967211604004,78.47,0.0,0.0,0.0,2024-09-22,5554.104027094566
2024-09-22 17:00:00,60.46209829717888,79.16,0.0,120.09,0.0,0.0,0.0,2024-09-22,7260.893384508212
2024-09-22 18:00:00,44.68838301627648,62.58,0.0,137.68,0.0,0.0,0.0,2024-09-22,6152.696573680946
2024-09-22 19:00:00,27.497700669300198,22.23,5.267700669300197,137.14,0.0,0.0,0.0,2024-09-22,3771.0346697878285
2024-09-22 20:00:00,6.980806887721074,9.24,0.0,130.38,0.0,0.0,0.0,2024-09-22,910.1576020210736
2024-09-22 21:00:00,0.2070998295375048,0.12,0.08709982953750481,125.22,0.0,0.0,0.0,2024-09-22,25.93304065468635
2024-09-22 22:00:00,0.277177942944279,0.0,0.277177942944279,121.01,0.0,0.0,0.0,2024-09-22,33.5413028756872
2024-09-22 23:00:00,0.0706913249028764,0.0,0.0706913249028764,120.01,0.0,0.0,0.0,2024-09-22,8.483665901594197
2024-09-23 00:00:00,0.4904311789543878,0.0,0.4904311789543878,117.72,0.4904311789543878,0.0,0.4904311789543878,2024-09-23,57.73355838651053
2024-09-23 01:00:00,-9.709415524676757e-05,0.0,0.0,118.98,0.0,0.0,0.4904311789543878,2024-09-23,-0.011552262591260406
2024-09-23 02:00:00,0.0004751210048758,0.0,0.0004751210048758,122.65,0.0004751210048758,0.0,0.4909062999592636,2024-09-23,0.05827359124801688
2024-09-23 03:00:00,0.0004751210048758,0.0,0.0004751210048758,135.49,0.0004751210048758,0.0,0.4913814209641394,2024-09-23,0.06437414495062214
2024-09-23 04:00:00,0.0019735684904997,0.0,0.0019735684904997,146.42,0.0019735684904997,0.0,0.49335498945463907,2024-09-23,0.2889698983789661
2024-09-23 05:00:00,0.0007583267950405,0.0,0.0007583267950405,147.82,0.0007583267950405,0.0,0.4941133162496796,2024-09-23,0.11209586684288671
2024-09-23 06:00:00,0.0006092862824831,0.0,0.0006092862824831,151.08,0.0006092862824831,1.5554092428298902,0.0,2024-09-23,235.0832793782974
2024-09-23 07:00:00,0.044614140333468,0.0,0.044614140333468,129.01,0.044614140333468,0.0,0.0,2024-09-23,5.755670244420706
2024-09-23 08:00:00,0.0885516674441709,0.11,0.0,87.52,0.0,0.0,0.0,2024-09-23,7.7500419347138365
2024-09-23 09:00:00,4.093838948678926,4.71,0.0,59.66,0.0,0.0,0.0,2024-09-23,244.23843167818472
2024-09-23 10:00:00,26.125871856768477,32.51,0.0,50.14,0.0,0.0,0.0,2024-09-23,1309.9512148983715
2024-09-23 11:00:00,52.54124945470445,74.11,0.0,50.05,0.0,0.0,0.0,2024-09-23,2629.6895352079573
2024-09-23 12:00:00,59.250529132060535,109.59,0.0,48.5,0.0,0.0,0.0,2024-09-23,2873.650662904936
2024-09-23 13:00:00,86.56369724930204,128.49,0.0,47.9,0.0,0.0,0.0,2024-09-23,4146.4010982415675
2024-09-23 14:00:00,92.08867380300508,125.43,0.0,49.43,0.0,0.0,0.0,2024-09-23,4551.943146082541
2024-09-23 15:00:00,83.04558360384966,82.24,0.8055836038496693,56.45,0.8055836038496693,0.0,0.0,2024-09-23,4687.923194437314
2024-09-23 16:00:00,82.4046457847199,107.33,0.0,83.27,0.0,0.0,0.0,2024-09-23,6861.834854493626
2024-09-23 17:00:00,59.82231805414251,96.71,0.0,120.18,0.0,0.0,0.0,2024-09-23,7189.446183746847
2024-09-23 18:00:00,46.966575325925085,84.68,0.0,144.4,0.0,0.0,0.0,2024-09-23,6781.973477063582
2024-09-23 19:00:00,29.5862464292072,40.18,0.0,144.99,0.0,0.0,0.0,2024-09-23,4289.709869770752
2024-09-23 20:00:00,7.375799195413517,8.09,0.0,139.31,0.0,0.0,0.0,2024-09-23,1027.5225859130571
2024-09-23 21:00:00,0.1621527429412294,0.08,0.08215274294122939,133.5,0.08215274294122939,0.0,0.0,2024-09-23,21.647391182654122
2024-09-23 22:00:00,0.1232887658874693,0.0,0.1232887658874693,117.52,0.1232887658874693,0.0,0.0,2024-09-23,14.488895767095391
2024-09-23 23:00:00,0.0050473872858916,0.0,0.0050473872858916,111.64,0.0050473872858916,0.0,0.0,2024-09-23,0.5634903165969382
2024-09-24 00:00:00,0.0419288436867409,0.0,0.0419288436867409,114.66,0.0419288436867409,0.0,0.0419288436867409,2024-09-24,4.8075612171217115
2024-09-24 01:00:00,6.383083182391627e-05,0.0,6.383083182391627e-05,114.66,6.383083182391627e-05,0.0,0.04199267451856482,2024-09-24,0.007318843176930239
2024-09-24 02:00:00,0.0041936627039846,0.0,0.0041936627039846,116.31,0.0041936627039846,0.0,0.04618633722254942,2024-09-24,0.4877649091004488
2024-09-24 03:00:00,0.0041936627039846,0.0,0.0041936627039846,122.37,0.0041936627039846,0.0,0.05037999992653402,2024-09-24,0.5131785050865955
2024-09-24 04:00:00,0.0043065851351432,0.0,0.0043065851351432,131.73,0.0043065851351432,0.0,0.054686585061677215,2024-09-24,0.5673064598524138
2024-09-24 05:00:00,0.0045303627571382,0.0,0.0045303627571382,134.21,0.0045303627571382,0.0,0.05921694781881542,2024-09-24,0.6080199856355178
2024-09-24 06:00:00,0.0043813222445808,0.0,0.0043813222445808,135.38,0.0043813222445808,0.0,0.06359827006339622,2024-09-24,0.5931434054713487
2024-09-24 07:00:00,0.0834521204205844,0.0,0.0834521204205844,132.68,0.0834521204205844,0.0,0.1470503904839806,2024-09-24,11.07242733740314
2024-09-24 08:00:00,0.2943700109423062,0.05,0.2443700109423062,109.42,0.2443700109423062,0.0,0.3914204014262868,2024-09-24,32.209966597307144
2024-09-24 09:00:00,2.185823556460066,2.85,0.0,90.24,0.0,0.0,0.3914204014262868,2024-09-24,197.24871773495636
2024-09-24 10:00:00,20.82091073752112,15.69,5.130910737521122,79.05,5.130910737521122,0.0,5.522331138947409,2024-09-24,1645.8929938010447
2024-09-24 11:00:00,36.63899149353247,48.69,0.0,67.96,0.0,0.0,5.522331138947409,2024-09-24,2489.9858619004667
2024-09-24 12:00:00,44.96358982887795,60.06,0.0,64.05,0.0,0.0,5.522331138947409,2024-09-24,2879.9179285396326
2024-09-24 13:00:00,103.44865224772622,97.72,5.728652247726217,61.28,5.728652247726217,0.0,11.250983386673624,2024-09-24,6339.333409740662
2024-09-24 14:00:00,90.48018307195818,83.24,7.240183071958185,62.7,7.240183071958185,0.0,18.49116645863181,2024-09-24,5673.107478611778
2024-09-24 15:00:00,80.66610061894654,50.7,29.96610061894654,73.87,29.96610061894654,0.0,48.45726707757835,2024-09-24,5958.8048527215815
2024-09-24 16:00:00,79.66496185759203,37.2,42.46496185759203,97.05,42.46496185759203,0.0,90.92222893517038,2024-09-24,7731.484548279306
2024-09-24 17:00:00,68.141805938266,95.62,0.0,127.37,0.0,0.0,90.92222893517038,2024-09-24,8679.221822356942
2024-09-24 18:00:00,53.51492356806333,61.12,0.0,148.27,0.0,98.82603401745276,0.0,2024-09-24,22587.593781204472
2024-09-24 19:00:00,30.45472011374524,23.72,6.73472011374524,147.8,6.73472011374524,0.0,0.0,2024-09-24,4501.207632811546
2024-09-24 20:00:00,5.276863187314694,4.11,1.1668631873146937,144.72,1.1668631873146937,0.0,0.0,2024-09-24,763.6676404681825
2024-09-24 21:00:00,-0.0016337947826041,0.02,0.0,131.88,0.0,0.0,0.0,2024-09-24,-0.2154648559298287
2024-09-24 22:00:00,0.0003867691373842,0.0,0.0003867691373842,113.11,0.0003867691373842,0.0,0.0,2024-09-24,0.043747457129526865
2024-09-24 23:00:00,0.0018350120850736,0.0,0.0018350120850736,99.71,0.0018350120850736,0.0,0.0,2024-09-24,0.18296905500268865
2024-09-25 00:00:00,0.0418035087134403,0.0,0.0418035087134403,91.78,0.0418035087134403,0.0,0.0418035087134403,2024-09-25,3.836726029719551
2024-09-25 01:00:00,0.0415877362064606,0.0,0.0415877362064606,90.8,0.0415877362064606,0.0,0.08339124491990091,2024-09-25,3.7761664475466223
2024-09-25 02:00:00,0.0041936627039846,0.0,0.0041936627039846,90.59,0.0041936627039846,0.0,0.0875849076238855,2024-09-25,0.3799039043539649
2024-09-25 03:00:00,0.0041936627039846,0.0,0.0041936627039846,91.89,0.0041936627039846,0.0,0.0917785703278701,2024-09-25,0.3853556658691449
2024-09-25 04:00:00,0.0043065851351432,0.0,0.0043065851351432,95.24,0.0043065851351432,0.0,0.0960851554630133,2024-09-25,0.4101591682710384
2024-09-25 05:00:00,0.0045303627571382,0.0,0.0045303627571382,101.81,0.0045303627571382,0.0,0.1006155182201515,2024-09-25,0.46123623230424016
2024-09-25 06:00:00,0.0006770826498538,0.0,0.0006770826498538,104.69,0.0006770826498538,0.6007001936307478,0.0,2024-09-25,62.958187053816175
2024-09-25 07:00:00,0.0997987075087027,0.0,0.0997987075087027,93.35,0.0997987075087027,0.0,0.0,2024-09-25,9.316209345937397
2024-09-25 08:00:00,0.3978162268366151,0.0,0.3978162268366151,75.29,0.3978162268366151,0.0,0.0,2024-09-25,29.951583718528752
2024-09-25 09:00:00,2.5122003615995574,2.88,0.0,57.89,0.0,0.0,0.0,2024-09-25,145.43127893299837
2024-09-25 10:00:00,13.313388925779403,17.47,0.0,50.8,0.0,0.0,0.0,2024-09-25,676.3201574295937
2024-09-25 11:00:00,20.35250809273153,20.78,0.0,49.42,0.0,0.0,0.0,2024-09-25,1005.8209499427923
2024-09-25 12:00:00,24.19123928279031,39.24,0.0,51.92,0.0,0.0,0.0,2024-09-25,1256.009143562473
2024-09-25 13:00:00,35.04787469139976,78.24,0.0,51.38,0.0,0.0,0.0,2024-09-25,1800.75980164412
2024-09-25 14:00:00,37.045002932731535,60.85,0.0,51.16,0.0,0.0,0.0,2024-09-25,1895.2223500385453
2024-09-25 15:00:00,35.286850349370205,62.3,0.0,51.16,0.0,0.0,0.0,2024-09-25,1805.2752638737795
2024-09-25 16:00:00,38.37272669302007,40.1,0.0,56.15,0.0,0.0,0.0,2024-09-25,2154.628603813077
2024-09-25 17:00:00,26.705020152655944,67.69,0.0,69.14,0.0,0.0,0.0,2024-09-25,1846.385093354632
2024-09-25 18:00:00,23.03355083847995,66.15,0.0,80.38,0.0,0.0,0.0,2024-09-25,1851.4368163970182
2024-09-25 19:00:00,30.45472011374524,35.78,0.0,84.36,0.0,0.0,0.0,2024-09-25,2569.1601887955485
2024-09-25 20:00:00,5.276863187314694,6.5,0.0,81.07,0.0,0.0,0.0,2024-09-25,427.7952985956022
2024-09-25 21:00:00,-0.0016337947826041,0.0,0.0,65.97,0.0,0.0,0.0,2024-09-25,-0.10778144180839248
2024-09-25 22:00:00,0.0001722077338676,0.0,0.0001722077338676,53.23,0.0001722077338676,0.0,0.0,2024-09-25,0.009166617673772347
2024-09-25 23:00:00,0.001620450681557,0.0,0.001620450681557,52.47,0.001620450681557,0.0,0.0,2024-09-25,0.08502504726129578
2024-09-26 00:00:00,0.0006844427981738,0.0,0.0006844427981738,58.13,0.0006844427981738,0.0,0.0006844427981738,2024-09-26,0.03978665985784299
2024-09-26 01:00:00,0.1223985709290796,0.0,0.1223985709290796,56.93,0.1223985709290796,0.0,0.1230830137272534,2024-09-26,6.9681506429925015
2024-09-26 02:00:00,0.0005172414292252,0.0,0.0005172414292252,58.7,0.0005172414292252,0.0,0.1236002551564786,2024-09-26,0.03036207189551924
2024-09-26 03:00:00,0.0011604144880094,0.0,0.0011604144880094,58.84,0.0011604144880094,0.0,0.124760669644488,2024-09-26,0.0682787884744731
2024-09-26 04:00:00,0.0026174607948328,0.0,0.0026174607948328,57.67,0.0026174607948328,0.0,0.1273781304393208,2024-09-26,0.1509489640380076
2024-09-26 05:00:00,0.0007920740579111,0.0,0.0007920740579111,63.58,0.0007920740579111,0.0,0.1281702044972319,2024-09-26,0.05036006860198774
2024-09-26 06:00:00,0.0043813222445808,0.0,0.0043813222445808,66.82,0.0043813222445808,0.0,0.1325515267418127,2024-09-26,0.29275995238288904
2024-09-26 07:00:00,2.2976970239942758,0.0,2.2976970239942758,62.06,2.2976970239942758,0.0,2.4302485507360885,2024-09-26,142.59507730908476
2024-09-26 08:00:00,0.1247533832386106,0.06,0.0647533832386106,52.64,0.0647533832386106,0.0,2.495001933974699,2024-09-26,6.567018093680462
2024-09-26 09:00:00,3.241696473598759,4.46,0.0,51.6,0.0,0.0,2.495001933974699,2024-09-26,167.27153803769596
2024-09-26 10:00:00,25.214094005734463,38.42,0.0,47.36,0.0,0.0,2.495001933974699,2024-09-26,1194.139492111584
2024-09-26 11:00:00,63.49492021191988,82.65,0.0,46.66,0.0,0.0,2.495001933974699,2024-09-26,2962.6729770881816
2024-09-26 12:00:00,69.22116053927778,63.01,6.211160539277778,46.78,6.211160539277778,0.0,8.706162473252476,2024-09-26,3238.165890027414
2024-09-26 13:00:00,63.41160967222167,56.52,6.891609672221669,48.54,6.891609672221669,0.0,15.597772145474146,2024-09-26,3077.99953348964
2024-09-26 14:00:00,36.61347910557213,34.81,1.80347910557213,49.19,1.80347910557213,0.0,17.401251251046276,2024-09-26,1801.0170372030932
2024-09-26 15:00:00,35.053510292731616,89.67,0.0,49.63,0.0,0.0,17.401251251046276,2024-09-26,1739.7057158282703
2024-09-26 16:00:00,36.96001503914358,119.04,0.0,53.14,0.0,0.0,17.401251251046276,2024-09-26,1964.0551991800896
2024-09-26 17:00:00,27.698912981156116,51.96,0.0,72.21,0.0,0.0,17.401251251046276,2024-09-26,2000.138506369283
2024-09-26 18:00:00,26.248261342422524,22.3,3.948261342422523,87.98,3.948261342422523,0.0,21.3495125934688,2024-09-26,2309.322032906334
2024-09-26 19:00:00,29.841993234547694,41.61,0.0,93.34,0.0,21.359725504480537,0.0,2024-09-26,4779.168427100895
2024-09-26 20:00:00,3.394546174993155,7.07,0.0,72.37,0.0,0.0,0.0,2024-09-26,245.66330668425465
2024-09-26 21:00:00,-0.0019651262273934,0.0,0.0,57.71,0.0,0.0,0.0,2024-09-26,-0.11340743458287311
2024-09-26 22:00:00,0.0085924603301829,0.0,0.0085924603301829,51.94,0.0085924603301829,0.0,0.0,2024-09-26,0.4462923895496998
2024-09-26 23:00:00,0.001620450681557,0.0,0.001620450681557,52.95,0.001620450681557,0.0,0.0,2024-09-26,0.08580286358844315
2024-09-27 00:00:00,0.0004081163988629,0.0,0.0004081163988629,54.02,0.0004081163988629,0.0,0.0004081163988629,2024-09-27,0.022046447866573858
2024-09-27 01:00:00,-0.000212495567487,0.0,0.0,55.22,0.0,0.0,0.0004081163988629,2024-09-27,-0.01173400523663214
2024-09-27 02:00:00,0.000496006891527,0.0,0.000496006891527,55.22,0.000496006891527,0.0,0.0009041232903899,2024-09-27,0.02738950055012094
2024-09-27 03:00:00,0.0005172414292252,0.0,0.0005172414292252,56.83,0.0005172414292252,0.0,0.0014213647196151,2024-09-27,0.029394830422868112
2024-09-27 04:00:00,0.0026588619736332,0.0,0.0026588619736332,57.67,0.0026588619736332,0.0,0.0040802266932483,2024-09-27,0.15333657001942663
2024-09-27 05:00:00,0.0012907318145517,0.0,0.0012907318145517,62.61,0.0012907318145517,0.0,0.0053709585078,2024-09-27,0.08081271890908194
2024-09-27 06:00:00,0.0109888071893503,0.0,0.0109888071893503,66.41,0.0109888071893503,0.0,0.0163597656971503,2024-09-27,0.7297666854447534
2024-09-27 07:00:00,0.0456738670166408,0.0,0.0456738670166408,56.43,0.0456738670166408,0.0,0.0620336327137911,2024-09-27,2.5773763157490404
2024-09-27 08:00:00,0.0858569704745403,0.04,0.0458569704745403,44.21,0.0458569704745403,0.0,0.10789060318833141,2024-09-27,3.795736664679427
2024-09-27 09:00:00,3.94679431256529,3.34,0.6067943125652899,42.65,0.6067943125652899,0.0,0.7146849157536214,2024-09-27,168.3307774309096
2024-09-27 10:00:00,35.07134673118756,32.47,2.6013467311875615,42.24,2.6013467311875615,0.0,3.316031646941183,2024-09-27,1481.4136859253626
2024-09-27 11:00:00,63.59462894246709,87.73,0.0,42.85,0.0,0.0,3.316031646941183,2024-09-27,2725.029850184715
2024-09-27 12:00:00,73.56703717556891,124.29,0.0,40.14,0.0,0.0,3.316031646941183,2024-09-27,2952.980872227336
2024-09-27 13:00:00,108.43557037653665,135.54,0.0,40.43,0.0,0.0,3.316031646941183,2024-09-27,4384.050110323376
2024-09-27 14:00:00,91.39931594439932,135.07,0.0,43.14,0.0,0.0,3.316031646941183,2024-09-27,3942.9664898413866
2024-09-27 15:00:00,94.25871283056377,114.12,0.0,40.3,0.0,0.0,3.316031646941183,2024-09-27,3798.6261270717196
2024-09-27 16:00:00,95.05600651245004,132.65,0.0,47.46,0.0,0.0,3.316031646941183,2024-09-27,4511.3580690808785
2024-09-27 17:00:00,85.0688099964394,45.81,39.258809996439396,78.66,39.258809996439396,0.0,42.57484164338058,2024-09-27,6691.512594319923
2024-09-27 18:00:00,61.639344477128176,48.16,13.47934447712818,100.71,13.47934447712818,0.0,56.05418612050876,2024-09-27,6207.698382291578
2024-09-27 19:00:00,28.316334640481656,21.05,7.266334640481656,106.01,7.266334640481656,63.322313419405845,0.0,2024-09-27,9714.613080828674
2024-09-27 20:00:00,3.3034428416599586,5.51,0.0,98.87,0.0,0.0,0.0,2024-09-27,326.61139375492013
2024-09-27 21:00:00,-0.0016337947826041,0.0,0.0,86.08,0.0,0.0,0.0,2024-09-27,-0.14063705488656092
2024-09-27 22:00:00,0.0001722077338676,0.0,0.0001722077338676,82.01,0.0001722077338676,0.0,0.0,2024-09-27,0.014122756254481877
2024-09-27 23:00:00,0.001620450681557,0.0,0.001620450681557,80.96,0.001620450681557,0.0,0.0,2024-09-27,0.1311916871788547
2024-09-28 00:00:00,0.0418035087134403,0.0,0.0418035087134403,79.12,0.0418035087134403,0.0,0.0418035087134403,2024-09-28,3.307493609407397
2024-09-28 01:00:00,-9.709415524676757e-05,0.0,0.0,79.27,0.0,0.0,0.0418035087134403,2024-09-28,-0.007696653686411264
2024-09-28 02:00:00,0.0005172414292252,0.0,0.0005172414292252,76.43,0.0005172414292252,0.0,0.0423207501426655,2024-09-28,0.03953276243568204
2024-09-28 03:00:00,0.0011604144880094,0.0,0.0011604144880094,76.17,0.0011604144880094,0.0,0.043481164630674904,2024-09-28,0.088388771551676
2024-09-28 04:00:00,0.0043065851351432,0.0,0.0043065851351432,77.33,0.0043065851351432,0.0,0.04778774976581811,2024-09-28,0.3330282285006237
2024-09-28 05:00:00,0.0007583267950405,0.0,0.0007583267950405,80.17,0.0007583267950405,0.0,0.04854607656085861,2024-09-28,0.06079505915839689
2024-09-28 06:00:00,0.0012945797656166,0.0,0.0012945797656166,82.52,0.0012945797656166,0.0,0.04984065632647521,2024-09-28,0.10682872225868183
2024-09-28 07:00:00,0.0313298006657365,0.0,0.0313298006657365,56.68,0.0313298006657365,0.0,0.0811704569922117,2024-09-28,1.7757731017339446
2024-09-28 08:00:00,0.0874553228773062,0.02,0.0674553228773062,40.02,0.0674553228773062,0.0,0.14862577986951792,2024-09-28,3.4999620215497944
2024-09-28 09:00:00,3.774113826023764,0.63,3.144113826023764,36.57,3.144113826023764,0.0,3.292739605893282,2024-09-28,138.01934261768903
2024-09-28 10:00:00,26.64427852343462,0.0,26.64427852343462,36.12,26.64427852343462,0.0,29.937018129327903,2024-09-28,962.3913402664584
2024-09-28 11:00:00,55.39358918347574,0.0,55.39358918347574,37.11,55.39358918347574,0.0,85.33060731280364,2024-09-28,2055.656094598785
2024-09-28 12:00:00,70.70768639117664,0.0,70.70768639117664,38.31,14.669392687196364,0.0,100.0,2024-09-28,2708.811465645977
2024-09-28 13:00:00,84.61369106337801,0.0,84.61369106337801,39.76,0.0,0.0,100.0,2024-09-28,3364.24035667991
2024-09-28 14:00:00,79.5872457674613,0.0,79.5872457674613,39.7,0.0,0.0,100.0,2024-09-28,3159.613656968214
2024-09-28 15:00:00,89.9938210512322,6.17,83.8238210512322,43.04,0.0,0.0,100.0,2024-09-28,3873.334058045034
2024-09-28 16:00:00,94.02467180852778,12.21,81.81467180852778,63.96,0.0,0.0,100.0,2024-09-28,6013.818008873437
2024-09-28 17:00:00,83.92981135137273,12.17,71.75981135137273,108.28,0.0,0.0,100.0,2024-09-28,9087.91997312664
2024-09-28 18:00:00,67.46473460394891,13.35,54.11473460394891,119.81,0.0,100.0,0.0,2024-09-28,20063.949852899117
2024-09-28 19:00:00,28.316334640481656,20.18,8.136334640481657,114.83,0.0,0.0,0.0,2024-09-28,3251.5647067665086
2024-09-28 20:00:00,3.3034428416599586,6.4,0.0,106.67,0.0,0.0,0.0,2024-09-28,352.3782479198678
2024-09-28 21:00:00,-0.0020189799678462,-0.07,0.06798102003215381,102.64,0.0,0.0,0.0,2024-09-28,-0.20722810389973398
2024-09-28 22:00:00,-0.0002129774513744,0.0,0.0,93.58,0.0,0.0,0.0,2024-09-28,-0.019930429899616353
2024-09-28 23:00:00,0.001620450681557,0.0,0.001620450681557,84.42,0.0,0.0,0.0,2024-09-28,0.13679844653704193
2024-09-29 00:00:00,0.0006430416193733,0.0,0.0006430416193733,86.41,0.0006430416193733,0.0,0.0006430416193733,2024-09-29,0.055565226330046846
2024-09-29 01:00:00,-0.000212495567487,0.0,0.0,85.83,0.0,0.0,0.0006430416193733,2024-09-29,-0.01823849455740921
2024-09-29 02:00:00,0.0004751210048758,0.0,0.0004751210048758,80.87,0.0004751210048758,0.0,0.0011181626242491,2024-09-29,0.03842303566430595
2024-09-29 03:00:00,0.0011604144880094,0.0,0.0011604144880094,81.14,0.0011604144880094,0.0,0.0022785771122584998,2024-09-29,0.09415603155708271
2024-09-29 04:00:00,0.0026588619736332,0.0,0.0026588619736332,83.4,0.0026588619736332,0.0,0.0049374390858917,2024-09-29,0.2217490886010089
2024-09-29 05:00:00,0.0007583267950405,0.0,0.0007583267950405,84.33,0.0007583267950405,0.0,0.0056957658809322,2024-09-29,0.06394969862576537
2024-09-29 06:00:00,0.0006092862824831,0.0,0.0006092862824831,84.46,0.0006092862824831,0.0,0.0063050521634153,2024-09-29,0.05146031941852262
2024-09-29 07:00:00,0.0313298006657365,0.0,0.0313298006657365,58.93,0.0313298006657365,0.0,0.0376348528291518,2024-09-29,1.846265153231852
2024-09-29 08:00:00,0.0861433228770346,0.11,0.0,41.38,0.0,0.0,0.0376348528291518,2024-09-29,3.5646107006516923
2024-09-29 09:00:00,3.774113826023764,3.46,0.3141138260237639,38.92,0.3141138260237639,0.0,0.3517486788529157,2024-09-29,146.88851010884488
2024-09-29 10:00:00,26.59671244157237,15.61,10.986712441572372,39.31,10.986712441572372,0.0,11.338461120425288,2024-09-29,1045.51676607821
2024-09-29 11:00:00,47.104549466720535,11.73,35.37454946672054,39.36,35.37454946672054,0.0,46.713010587145824,2024-09-29,1854.0350670101202
2024-09-29 12:00:00,64.78974389596891,11.27,53.519743895968915,39.79,53.286989412854176,0.0,100.0,2024-09-29,2577.983909620603
2024-09-29 13:00:00,79.09377140271033,9.48,69.61377140271033,41.61,0.0,0.0,100.0,2024-09-29,3291.091828066777
2024-09-29 14:00:00,74.52399451499667,44.75,29.773994514996673,41.86,0.0,0.0,100.0,2024-09-29,3119.574410397761
2024-09-29 15:00:00,76.57668647508005,119.79,0.0,39.98,0.0,0.0,100.0,2024-09-29,3061.5359252737003
2024-09-29 16:00:00,85.66530470847367,114.57,0.0,46.39,0.0,0.0,100.0,2024-09-29,3974.0134854260937
2024-09-29 17:00:00,73.78419374491688,102.39,0.0,78.44,0.0,0.0,100.0,2024-09-29,5787.63215735128
2024-09-29 18:00:00,58.44267509765509,77.67,0.0,100.04,0.0,100.0,0.0,2024-09-29,15850.605216769416
2024-09-29 19:00:00,25.865643385651623,26.41,0.0,97.69,0.0,0.0,0.0,2024-09-29,2526.814702344307
2024-09-29 20:00:00,3.234921880997728,5.77,0.0,96.88,0.0,0.0,0.0,2024-09-29,313.39923183105986
2024-09-29 21:00:00,-0.0020189799678462,-0.05,0.0479810200321538,92.74,0.0,0.0,0.0,2024-09-29,-0.1872402022180566
2024-09-29 22:00:00,-0.0002129774513744,0.0,0.0,98.05,0.0,0.0,0.0,2024-09-29,-0.02088243910725992
2024-09-29 23:00:00,0.0188483445673914,0.0,0.0188483445673914,98.03,0.0,0.0,0.0,2024-09-29,1.847703217941379
2024-09-30 00:00:00,0.010155173353379,0.0,0.010155173353379,99.15,0.010155173353379,0.0,0.010155173353379,2024-09-30,1.0068854379875278
2024-09-30 01:00:00,0.0063340778290305,0.0,0.0063340778290305,104.92,0.0063340778290305,0.0,0.0164892511824095,2024-09-30,0.6645714458218801
2024-09-30 02:00:00,0.0076602513422464,0.0,0.0076602513422464,111.42,0.0076602513422464,0.0,0.024149502524655902,2024-09-30,0.853505204553094
2024-09-30 03:00:00,0.0076952399378789,0.0,0.0076952399378789,121.2,0.0076952399378789,0.0,0.031844742462534804,2024-09-30,0.9326630804709227
2024-09-30 04:00:00,0.0076952399378789,0.0,0.0076952399378789,137.32,0.0076952399378789,0.0,0.039539982400413703,2024-09-30,1.0567103482695306
2024-09-30 05:00:00,0.0109888071893503,0.0,0.0109888071893503,137.66,0.0109888071893503,0.0,0.050528789589764006,2024-09-30,1.5127191976859624
2024-09-30 06:00:00,0.0109888071893503,0.0,0.0109888071893503,145.67,0.0109888071893503,0.0,0.06151759677911431,2024-09-30,1.600739543272658
2024-09-30 07:00:00,0.1204130445059741,0.0,0.1204130445059741,116.98,0.1204130445059741,0.0,0.1819306412850884,2024-09-30,14.085917946308852
2024-09-30 08:00:00,0.085664970474245,0.07,0.01566497047424499,73.22,0.01566497047424499,0.0,0.19759561175933338,2024-09-30,6.272389138124218
2024-09-30 09:00:00,3.851994312565629,3.36,0.491994312565629,48.31,0.491994312565629,0.0,0.6895899243249624,2024-09-30,186.08984524004555
2024-09-30 10:00:00,32.717128698869104,34.71,0.0,40.94,0.0,0.0,0.6895899243249624,2024-09-30,1339.439248931701
2024-09-30 11:00:00,54.4171567183186,83.86,0.0,40.52,0.0,0.0,0.6895899243249624,2024-09-30,2204.98319022627
2024-09-30 12:00:00,75.62788420699935,117.24,0.0,39.62,0.0,0.0,0.6895899243249624,2024-09-30,2996.376772281314
2024-09-30 13:00:00,113.87575690250928,128.95,0.0,41.15,0.0,0.0,0.6895899243249624,2024-09-30,4685.987396538257
2024-09-30 14:00:00,115.37812326603805,131.22,0.0,44.8,0.0,0.0,0.6895899243249624,2024-09-30,5168.939922318504
2024-09-30 15:00:00,116.43559215492762,128.27,0.0,57.72,0.0,0.0,0.6895899243249624,2024-09-30,6720.662379182422
2024-09-30 16:00:00,77.69444571816658,120.52,0.0,97.29,0.0,0.0,0.6895899243249624,2024-09-30,7558.892623920427
2024-09-30 17:00:00,68.42701856104428,106.86,0.0,142.35,0.0,0.0,0.6895899243249624,2024-09-30,9740.586092164653
2024-09-30 18:00:00,60.66564409747068,81.23,0.0,168.26,0.0,0.7431859888829019,0.0,2024-09-30,10332.649750329852
2024-09-30 19:00:00,25.48585442206607,36.74,0.0,164.57,0.0,0.0,0.0,2024-09-30,4194.207062239413
2024-09-30 20:00:00,3.234921880997728,4.98,0.0,156.86,0.0,0.0,0.0,2024-09-30,507.42984625330365
2024-09-30 21:00:00,0.0054053757684819,-0.04,0.0454053757684819,144.21,0.0454053757684819,0.0,0.0,2024-09-30,0.7795092395727748
2024-09-30 22:00:00,0.0065702381079006,0.0,0.0065702381079006,121.51,0.0065702381079006,0.0,0.0,2024-09-30,0.7983496324910019
2024-09-30 23:00:00,0.001620450681557,0.0,0.001620450681557,111.56,0.001620450681557,0.0,0.0,2024-09-30,0.18077747803449892
