datetime,pv_generation_pred,TOTAL_KWH_ENERGIA,energy_discharged,solar_used
2024-09-01 02:00:00+02:00,0.3550177032556654,0.0,0.0,0.0
2024-09-01 03:00:00+02:00,-0.0001577324504274,0.0,0.0,0.0
2024-09-01 04:00:00+02:00,-4.1740416691394915e-06,0.0,0.0,0.0
2024-09-01 05:00:00+02:00,-4.1740416691394915e-06,0.0,0.0,0.0
2024-09-01 06:00:00+02:00,-4.1740416691394915e-06,0.0,0.0,0.0
2024-09-01 07:00:00+02:00,-4.1740416691394915e-06,0.0,0.0,0.0
2024-09-01 08:00:00+02:00,0.0049758259582714,0.0,0.0,0.0
2024-09-01 09:00:00+02:00,0.1839666666664804,6.05,0.0,6.05
2024-09-01 10:00:00+02:00,0.5246549019586644,20.56,0.0,20.56
2024-09-01 11:00:00+02:00,5.741287142862154,26.05,0.0,26.05
2024-09-01 12:00:00+02:00,26.61296311218988,13.14,0.0,13.14
2024-09-01 13:00:00+02:00,57.33028282644878,31.26,0.0,31.26
2024-09-01 14:00:00+02:00,64.45609559024257,36.67,0.0,36.67
2024-09-01 15:00:00+02:00,107.32541883054728,16.85,0.0,16.85
2024-09-01 16:00:00+02:00,108.2961937511842,14.13,0.0,14.13
2024-09-01 17:00:00+02:00,108.78057475615874,12.21,0.0,12.21
2024-09-01 18:00:00+02:00,104.2095992149125,83.43,100.0,183.43
2024-09-01 19:00:00+02:00,85.94851823344239,46.62,0.0,46.62
2024-09-01 20:00:00+02:00,73.48980565917718,19.23,0.0,19.23
2024-09-01 21:00:00+02:00,33.363766666674024,2.43,0.0,2.43
2024-09-01 22:00:00+02:00,9.551319999989122,-0.07,0.0,-0.07
2024-09-01 23:00:00+02:00,1.388912424240427,0.0,0.0,0.0
2024-09-02 00:00:00+02:00,-0.0150559415465999,0.0,0.0,0.0
2024-09-02 01:00:00+02:00,0.0002971151849754,0.0,0.0,0.0
2024-09-02 02:00:00+02:00,0.0004142857146646,0.0,0.0,0.0
2024-09-02 03:00:00+02:00,-0.0003533348016093,0.0,0.0,0.0
2024-09-02 04:00:00+02:00,-1.5065147997693064e-05,0.0,0.0,0.0
2024-09-02 05:00:00+02:00,-8.150649855212277e-06,0.0,0.0,0.0
2024-09-02 06:00:00+02:00,-8.398481330040447e-06,0.0,0.0,0.0
2024-09-02 07:00:00+02:00,-8.398481330040447e-06,0.0,0.0,0.0
2024-09-02 08:00:00+02:00,0.0053839211964488,0.26,0.0,0.26
2024-09-02 09:00:00+02:00,1.179999999999224,6.74,0.0,6.74
2024-09-02 10:00:00+02:00,0.5830571731988256,34.64,0.0,34.64
2024-09-02 11:00:00+02:00,6.446199999998595,70.8,0.0,70.8
2024-09-02 12:00:00+02:00,29.532391666669888,107.86,0.0,107.86
2024-09-02 13:00:00+02:00,60.212454235800706,125.28,0.0,125.28
2024-09-02 14:00:00+02:00,85.14272856680098,127.19,100.0,227.19
2024-09-02 15:00:00+02:00,124.34346314926924,111.49,0.0,111.49
2024-09-02 16:00:00+02:00,114.41094941857286,123.61,0.0,123.61
2024-09-02 17:00:00+02:00,109.2839966929628,116.12,0.0,116.12
2024-09-02 18:00:00+02:00,105.88274097774176,95.04,0.0,95.04
2024-09-02 19:00:00+02:00,88.22525698273786,59.92,0.0,59.92
2024-09-02 20:00:00+02:00,71.61760441739321,19.53,0.0,19.53
2024-09-02 21:00:00+02:00,33.41506666666505,1.85,0.0,1.85
2024-09-02 22:00:00+02:00,11.161919999982697,-0.03,0.0,-0.03
2024-09-02 23:00:00+02:00,1.666522222222767,0.0,0.0,0.0
2024-09-03 00:00:00+02:00,0.341880090184522,0.0,0.0,0.0
2024-09-03 01:00:00+02:00,0.0004101186835666,0.0,0.0,0.0
2024-09-03 02:00:00+02:00,0.0010799254775274,0.0,0.0,0.0
2024-09-03 03:00:00+02:00,-5.79710144623945e-06,0.0,0.0,0.0
2024-09-03 04:00:00+02:00,-3.201280510528379e-07,0.0,0.0,0.0
2024-09-03 05:00:00+02:00,-2.918243534139349e-05,0.0,0.0,0.0
2024-09-03 06:00:00+02:00,-4.1740416691394915e-06,0.0,0.0,0.0
2024-09-03 07:00:00+02:00,-4.1740416691394915e-06,0.0,0.0,0.0
2024-09-03 08:00:00+02:00,-8.301025799136894e-06,0.23,0.0,0.23
2024-09-03 09:00:00+02:00,0.0058000000001629,7.29,0.0,7.29
2024-09-03 10:00:00+02:00,0.6225971731964445,37.49,0.0,37.49
2024-09-03 11:00:00+02:00,8.21940000000526,80.06,0.0,80.06
2024-09-03 12:00:00+02:00,26.867799999997953,113.19,0.0,113.19
2024-09-03 13:00:00+02:00,67.2537723635985,124.93,0.0,124.93
2024-09-03 14:00:00+02:00,94.37278850626076,128.6,100.0,228.6
2024-09-03 15:00:00+02:00,126.16652474347096,122.26,0.0,122.26
2024-09-03 16:00:00+02:00,120.6876836740358,114.36,0.0,114.36
2024-09-03 17:00:00+02:00,47.18651213716668,90.8,0.0,90.8
2024-09-03 18:00:00+02:00,58.46729809871648,77.23,0.0,77.23
2024-09-03 19:00:00+02:00,76.0318829218451,38.07,0.0,38.07
2024-09-03 20:00:00+02:00,74.50687063663709,17.47,0.0,17.47
2024-09-03 21:00:00+02:00,20.009099999996167,3.06,0.0,3.06
2024-09-03 22:00:00+02:00,4.234269999999047,-0.1,0.0,-0.1
2024-09-03 23:00:00+02:00,0.9404602020239384,0.0,0.0,0.0
2024-09-04 00:00:00+02:00,0.021270786109932,0.0,0.0,0.0
2024-09-04 01:00:00+02:00,-0.0010541302282351,0.0,0.0,0.0
2024-09-04 02:00:00+02:00,0.0034945959917085,0.0,0.0,0.0
2024-09-04 03:00:00+02:00,-0.0079191601983416,0.0,0.0,0.0
2024-09-04 04:00:00+02:00,-1.5065147997693064e-05,0.0,0.0,0.0
2024-09-04 05:00:00+02:00,-3.201280510528379e-07,0.0,0.0,0.0
2024-09-04 06:00:00+02:00,-3.201280510528379e-07,0.0,0.0,0.0
2024-09-04 07:00:00+02:00,-3.201280510528379e-07,0.0,0.0,0.0
2024-09-04 08:00:00+02:00,0.0021996798722517,0.14,0.0,0.14
2024-09-04 09:00:00+02:00,2.454399999997889,4.61,0.0,4.61
2024-09-04 10:00:00+02:00,2.563103839860761,26.05,0.0,26.05
2024-09-04 11:00:00+02:00,6.473333333332752,84.08,0.0,84.08
2024-09-04 12:00:00+02:00,21.500810454549143,120.27,0.0,120.27
2024-09-04 13:00:00+02:00,60.12452065204131,132.91,100.0,232.91
2024-09-04 14:00:00+02:00,56.37991104132211,122.55,0.0,122.55
2024-09-04 15:00:00+02:00,69.753302584826,85.1,0.0,85.1
2024-09-04 16:00:00+02:00,82.69882380815365,22.49,0.0,22.49
2024-09-04 17:00:00+02:00,59.20197302308936,17.83,0.0,17.83
2024-09-04 18:00:00+02:00,74.24836315552497,90.72,0.0,90.72
2024-09-04 19:00:00+02:00,71.88841000265627,60.48,0.0,60.48
2024-09-04 20:00:00+02:00,63.25679632515363,16.5,0.0,16.5
2024-09-04 21:00:00+02:00,35.098866666667035,2.17,0.0,2.17
2024-09-04 22:00:00+02:00,10.981999999989446,-0.12,0.0,-0.12
2024-09-04 23:00:00+02:00,1.6234200000037662,0.0,0.0,0.0
2024-09-05 00:00:00+02:00,-0.0236750732535219,0.0,0.0,0.0
2024-09-05 01:00:00+02:00,-0.0064448173593801,0.0,0.0,0.0
2024-09-05 02:00:00+02:00,0.0048047619045731,0.0,0.0,0.0
2024-09-05 03:00:00+02:00,-0.0144376536708335,0.0,0.0,0.0
2024-09-05 04:00:00+02:00,-0.0021538205452629,0.0,0.0,0.0
2024-09-05 05:00:00+02:00,-0.0001651579757652,0.0,0.0,0.0
2024-09-05 06:00:00+02:00,-0.0001431772708749,0.0,0.0,0.0
2024-09-05 07:00:00+02:00,-0.0001431772708749,0.0,0.0,0.0
2024-09-05 08:00:00+02:00,0.2795868227287358,0.47,0.0,0.47
2024-09-05 09:00:00+02:00,3.2122666666722703,8.29,0.0,8.29
2024-09-05 10:00:00+02:00,0.2518549019564789,34.62,0.0,34.62
2024-09-05 11:00:00+02:00,5.299820476199302,70.74,0.0,70.74
2024-09-05 12:00:00+02:00,23.744883213202776,114.58,0.0,114.58
2024-09-05 13:00:00+02:00,53.63465662316568,125.45,87.47691473426336,212.92691473426336
2024-09-05 14:00:00+02:00,59.171794339670576,111.78,0.0,111.78
2024-09-05 15:00:00+02:00,79.70368431198581,75.05,0.0,75.05
2024-09-05 16:00:00+02:00,65.14918208976333,109.51,0.0,109.51
2024-09-05 17:00:00+02:00,78.24993588252852,92.26,0.0,92.26
2024-09-05 18:00:00+02:00,68.10857931004281,74.54,0.0,74.54
2024-09-05 19:00:00+02:00,53.469669595293134,35.24,0.0,35.24
2024-09-05 20:00:00+02:00,44.09456741429385,15.38,0.0,15.38
2024-09-05 21:00:00+02:00,26.27092412697565,1.64,0.0,1.64
2024-09-05 22:00:00+02:00,10.215099999993107,-0.01,0.0,-0.01
2024-09-05 23:00:00+02:00,1.018164523817239,0.0,0.0,0.0
2024-09-06 00:00:00+02:00,-0.0028904471084013,0.0,0.0,0.0
2024-09-06 01:00:00+02:00,-0.0019986847353238,0.0,0.0,0.0
2024-09-06 02:00:00+02:00,0.236157992594598,0.0,0.0,0.0
2024-09-06 03:00:00+02:00,7.639994202899715,0.0,0.0,0.0
2024-09-06 04:00:00+02:00,1.1583330132052825,0.0,0.0,0.0
2024-09-06 05:00:00+02:00,0.6949996798719489,0.0,0.0,0.0
2024-09-06 06:00:00+02:00,-4.296736237125624e-06,0.0,0.0,0.0
2024-09-06 07:00:00+02:00,-1.0963402900300975e-05,0.0,0.0,0.0
2024-09-06 08:00:00+02:00,1.444799679870406,0.2,0.0,0.2
2024-09-06 09:00:00+02:00,2.030400000003866,6.37,0.0,6.37
2024-09-06 10:00:00+02:00,0.4133882352902702,20.84,0.0,20.84
2024-09-06 11:00:00+02:00,4.968700476199773,87.67,0.0,87.67
2024-09-06 12:00:00+02:00,23.965564879866484,113.51,0.0,113.51
2024-09-06 13:00:00+02:00,48.63263320826178,126.32,100.0,226.32
2024-09-06 14:00:00+02:00,72.49776437274669,121.98,0.0,121.98
2024-09-06 15:00:00+02:00,81.62966764531943,50.33,0.0,50.33
2024-09-06 16:00:00+02:00,75.74287447747079,78.05,0.0,78.05
2024-09-06 17:00:00+02:00,74.25426801491726,34.21,0.0,34.21
2024-09-06 18:00:00+02:00,99.62428696612004,99.33,0.0,99.33
2024-09-06 19:00:00+02:00,86.24394561040586,59.13,0.0,59.13
2024-09-06 20:00:00+02:00,54.229957798838875,18.52,0.0,18.52
2024-09-06 21:00:00+02:00,34.441700000000374,1.52,0.0,1.52
2024-09-06 22:00:00+02:00,11.602399999990984,-0.03,0.0,-0.03
2024-09-06 23:00:00+02:00,1.0381333333387732,0.0,0.0,0.0
2024-09-07 00:00:00+02:00,-0.0239290415096992,0.03,100.0,100.03
2024-09-07 01:00:00+02:00,-0.005215595137727,-0.03,0.0,-0.03
2024-09-07 02:00:00+02:00,4.761904759410143e-06,0.0,0.0,0.0
2024-09-07 03:00:00+02:00,0.6936147622794195,0.0,0.0,0.0
2024-09-07 04:00:00+02:00,-3.201280510528379e-07,0.0,0.0,0.0
2024-09-07 05:00:00+02:00,-3.201280510528379e-07,0.0,0.0,0.0
2024-09-07 06:00:00+02:00,-3.201280510528379e-07,0.0,0.0,0.0
2024-09-07 07:00:00+02:00,-3.201280510528379e-07,0.0,0.0,0.0
2024-09-07 08:00:00+02:00,0.0551330132052124,0.0,0.0,0.0
2024-09-07 09:00:00+02:00,3.5399999999976717,0.0,0.0,0.0
2024-09-07 10:00:00+02:00,0.5006638398621834,0.0,0.0,0.0
2024-09-07 11:00:00+02:00,7.888733333340883,0.0,0.0,0.0
2024-09-07 12:00:00+02:00,26.112599999998928,0.0,0.0,0.0
2024-09-07 13:00:00+02:00,65.75808149058349,0.0,0.0,0.0
2024-09-07 14:00:00+02:00,97.2256335062662,0.0,0.0,0.0
2024-09-07 15:00:00+02:00,127.04531744252392,0.0,0.0,0.0
2024-09-07 16:00:00+02:00,124.73168525628952,0.0,0.0,0.0
2024-09-07 17:00:00+02:00,60.502979790725725,0.0,0.0,0.0
2024-09-07 18:00:00+02:00,76.37242020347271,0.0,0.0,0.0
2024-09-07 19:00:00+02:00,79.94583517289811,0.0,0.0,0.0
2024-09-07 20:00:00+02:00,47.003662105110344,0.0,0.0,0.0
2024-09-07 21:00:00+02:00,27.061333333330012,0.0,0.0,0.0
2024-09-07 22:00:00+02:00,14.242499999999708,0.0,0.0,0.0
2024-09-07 23:00:00+02:00,1.2558633333412093,0.0,0.0,0.0
2024-09-08 00:00:00+02:00,-0.0169527182035988,0.0,0.0,0.0
2024-09-08 01:00:00+02:00,0.0308655964880909,0.0,0.0,0.0
2024-09-08 02:00:00+02:00,0.0010047619045265,0.0,0.0,0.0
2024-09-08 03:00:00+02:00,-5.79710144623945e-06,0.0,0.0,0.0
2024-09-08 04:00:00+02:00,-3.201280510528379e-07,0.0,0.0,0.0
2024-09-08 05:00:00+02:00,-3.201280510528379e-07,0.0,0.0,0.0
2024-09-08 06:00:00+02:00,-3.201280510528379e-07,0.0,0.0,0.0
2024-09-08 07:00:00+02:00,-3.201280510528379e-07,0.0,0.0,0.0
2024-09-08 08:00:00+02:00,-3.201280510528379e-07,0.0,0.0,0.0
2024-09-08 09:00:00+02:00,0.1726666666668219,6.64,0.0,6.64
2024-09-08 10:00:00+02:00,0.3635759259177292,21.73,0.0,21.73
2024-09-08 11:00:00+02:00,6.991733333339603,48.75,0.0,48.75
2024-09-08 12:00:00+02:00,29.77306666666176,109.17,0.0,109.17
2024-09-08 13:00:00+02:00,65.11970319477886,123.16,0.0,123.16
2024-09-08 14:00:00+02:00,95.35062631518238,126.06,0.0,126.06
2024-09-08 15:00:00+02:00,126.40569807680129,126.24,100.0,226.24
2024-09-08 16:00:00+02:00,122.1103437378427,119.94,0.0,119.94
2024-09-08 17:00:00+02:00,124.17092104634438,111.71,0.0,111.71
2024-09-08 18:00:00+02:00,106.75877215340168,89.63,0.0,89.63
2024-09-08 19:00:00+02:00,103.79027503271185,42.7,0.0,42.7
2024-09-08 20:00:00+02:00,70.13459114335883,16.64,0.0,16.64
2024-09-08 21:00:00+02:00,39.23699999999643,1.2,0.0,1.2
2024-09-08 22:00:00+02:00,14.34259999999466,-0.06,0.0,-0.06
2024-09-08 23:00:00+02:00,1.6232033333416322,0.0,0.0,0.0
2024-09-09 00:00:00+02:00,-0.0167527182034125,0.0,0.0,0.0
2024-09-09 01:00:00+02:00,0.0064122631564309,0.0,0.0,0.0
2024-09-09 02:00:00+02:00,4.761904759410143e-06,0.0,0.0,0.0
2024-09-09 03:00:00+02:00,-5.79710144623945e-06,0.0,0.0,0.0
2024-09-09 04:00:00+02:00,-3.201280510528379e-07,0.0,0.0,0.0
2024-09-09 05:00:00+02:00,-3.201280510528379e-07,0.0,0.0,0.0
2024-09-09 06:00:00+02:00,-3.201280510528379e-07,0.0,0.0,0.0
2024-09-09 07:00:00+02:00,-3.201280510528379e-07,0.0,0.0,0.0
2024-09-09 08:00:00+02:00,-3.201280510528379e-07,0.2,0.0,0.2
2024-09-09 09:00:00+02:00,0.1726666666668219,6.24,0.0,6.24
2024-09-09 10:00:00+02:00,1.2049722222152943,39.69,0.0,39.69
2024-09-09 11:00:00+02:00,5.711200000005192,85.47,0.0,85.47
2024-09-09 12:00:00+02:00,28.04046666666225,118.78,0.0,118.78
2024-09-09 13:00:00+02:00,63.5137586786495,129.37,0.0,129.37
2024-09-09 14:00:00+02:00,93.96498350626106,131.73,100.0,231.73
2024-09-09 15:00:00+02:00,126.50089807680178,127.76,0.0,127.76
2024-09-09 16:00:00+02:00,127.0224852562885,121.16,0.0,121.16
2024-09-09 17:00:00+02:00,126.14929485585913,116.45,0.0,116.45
2024-09-09 18:00:00+02:00,116.82933882006716,95.49,0.0,95.49
2024-09-09 19:00:00+02:00,107.26913313495288,57.04,0.0,57.04
2024-09-09 20:00:00+02:00,68.22156481054589,16.16,0.0,16.16
2024-09-09 21:00:00+02:00,38.57779999999562,1.1,0.0,1.1
2024-09-09 22:00:00+02:00,13.228199999997935,-0.05,0.0,-0.05
2024-09-09 23:00:00+02:00,1.786445000009208,0.0,0.0,0.0
2024-09-10 00:00:00+02:00,0.0086389484621054,0.0,0.0,0.0
2024-09-10 01:00:00+02:00,0.0009722631569524,0.0,0.0,0.0
2024-09-10 02:00:00+02:00,4.761904759410143e-06,0.0,0.0,0.0
2024-09-10 03:00:00+02:00,-5.79710144623945e-06,0.0,0.0,0.0
2024-09-10 04:00:00+02:00,-3.201280510528379e-07,0.0,0.0,0.0
2024-09-10 05:00:00+02:00,-3.201280510528379e-07,0.0,0.0,0.0
2024-09-10 06:00:00+02:00,-3.201280510528379e-07,0.0,0.0,0.0
2024-09-10 07:00:00+02:00,-3.201280510528379e-07,0.0,0.0,0.0
2024-09-10 08:00:00+02:00,-3.201280510528379e-07,0.17,0.0,0.17
2024-09-10 09:00:00+02:00,0.0022000000003026,6.21,0.0,6.21
2024-09-10 10:00:00+02:00,0.1843333333263097,38.73,0.0,38.73
2024-09-10 11:00:00+02:00,5.396933333338045,83.76,0.0,83.76
2024-09-10 12:00:00+02:00,29.467466666661785,117.47,0.0,117.47
2024-09-10 13:00:00+02:00,65.26810319477768,131.71,100.0,231.71
2024-09-10 14:00:00+02:00,96.24147779197529,113.02,0.0,113.02
2024-09-10 15:00:00+02:00,124.48164093394251,119.19,0.0,119.19
2024-09-10 16:00:00+02:00,125.41102676061617,122.9,0.0,122.9
2024-09-10 17:00:00+02:00,124.25992104634535,115.16,0.0,115.16
2024-09-10 18:00:00+02:00,107.52970548673548,94.05,0.0,94.05
2024-09-10 19:00:00+02:00,93.60389529094452,55.52,0.0,55.52
2024-09-10 20:00:00+02:00,72.91431614335944,15.27,0.0,15.27
2024-09-10 21:00:00+02:00,39.749399999994786,0.97,0.0,0.97
2024-09-10 22:00:00+02:00,12.832000000003417,-0.07,0.0,-0.07
2024-09-10 23:00:00+02:00,1.7429416666717168,0.0,0.0,0.0
2024-09-11 00:00:00+02:00,0.0201732341760875,0.07,100.0,100.07
2024-09-11 01:00:00+02:00,-0.003361070176342,-0.07,0.0,-0.07
2024-09-11 02:00:00+02:00,4.761904759410143e-06,0.0,0.0,0.0
2024-09-11 03:00:00+02:00,-5.79710144623945e-06,0.0,0.0,0.0
2024-09-11 04:00:00+02:00,-3.201280510528379e-07,0.0,0.0,0.0
2024-09-11 05:00:00+02:00,-3.201280510528379e-07,0.0,0.0,0.0
2024-09-11 06:00:00+02:00,-3.201280510528379e-07,0.0,0.0,0.0
2024-09-11 07:00:00+02:00,-3.201280510528379e-07,0.0,0.0,0.0
2024-09-11 08:00:00+02:00,-3.201280510528379e-07,0.0,0.0,0.0
2024-09-11 09:00:00+02:00,0.0055999999999767,0.0,0.0,0.0
2024-09-11 10:00:00+02:00,0.5995333333290183,0.0,0.0,0.0
2024-09-11 11:00:00+02:00,5.0600000000040755,0.0,0.0,0.0
2024-09-11 12:00:00+02:00,20.478700000011884,0.0,0.0,0.0
2024-09-11 13:00:00+02:00,51.99598607252784,0.0,0.0,0.0
2024-09-11 14:00:00+02:00,51.561318628390225,0.0,0.0,0.0
2024-09-11 15:00:00+02:00,50.72351392648443,0.0,0.0,0.0
2024-09-11 16:00:00+02:00,33.29683170426427,0.0,0.0,0.0
2024-09-11 17:00:00+02:00,75.63679131085156,0.0,0.0,0.0
2024-09-11 18:00:00+02:00,67.63344669539966,0.0,0.0,0.0
2024-09-11 19:00:00+02:00,96.7947780934951,0.0,0.0,0.0
2024-09-11 20:00:00+02:00,56.143685993181734,0.0,0.0,0.0
2024-09-11 21:00:00+02:00,28.747374126974236,0.0,0.0,0.0
2024-09-11 22:00:00+02:00,14.360300000008523,0.0,0.0,0.0
2024-09-11 23:00:00+02:00,0.8003916666659956,0.0,0.0,0.0
2024-09-12 00:00:00+02:00,0.0107337817951889,0.0,0.0,0.0
2024-09-12 01:00:00+02:00,-0.0025940323567732,0.0,0.0,0.0
2024-09-12 02:00:00+02:00,0.0004063717016601,0.0,0.0,0.0
2024-09-12 03:00:00+02:00,-2.734748607810825e-05,0.0,0.0,0.0
2024-09-12 04:00:00+02:00,-4.05948831316933e-06,0.0,0.0,0.0
2024-09-12 05:00:00+02:00,-8.288012709654261e-08,0.0,0.0,0.0
2024-09-12 06:00:00+02:00,-8.288012709654261e-08,0.0,0.0,0.0
2024-09-12 07:00:00+02:00,-4.3073197879975e-06,0.0,0.0,0.0
2024-09-12 08:00:00+02:00,-2.4945310763611895e-05,0.0,0.0,0.0
2024-09-12 09:00:00+02:00,2.1994666666708276,6.97,0.0,6.97
2024-09-12 10:00:00+02:00,0.2843610924361528,37.57,0.0,37.57
2024-09-12 11:00:00+02:00,3.2150610025084982,78.96,0.0,78.96
2024-09-12 12:00:00+02:00,16.87549361111244,108.43,0.0,108.43
2024-09-12 13:00:00+02:00,43.01992770623709,129.1,0.0,129.1
2024-09-12 14:00:00+02:00,48.62963336119956,139.2,100.0,239.2
2024-09-12 15:00:00+02:00,92.50391787919736,138.81,0.0,138.81
2024-09-12 16:00:00+02:00,95.28370664598695,129.16,0.0,129.16
2024-09-12 17:00:00+02:00,88.88236882213212,113.06,0.0,113.06
2024-09-12 18:00:00+02:00,88.02509606293077,96.6,0.0,96.6
2024-09-12 19:00:00+02:00,94.3527193770621,55.35,0.0,55.35
2024-09-12 20:00:00+02:00,55.7790371265,14.13,0.0,14.13
2024-09-12 21:00:00+02:00,40.97039999999513,0.69,0.0,0.69
2024-09-12 22:00:00+02:00,14.370900000005786,0.0,0.0,0.0
2024-09-12 23:00:00+02:00,0.8564810000001202,0.0,0.0,0.0
2024-09-13 00:00:00+02:00,0.0055492341762437,0.0,0.0,0.0
2024-09-13 01:00:00+02:00,0.0805309933159184,0.0,0.0,0.0
2024-09-13 02:00:00+02:00,4.761904759410143e-06,0.0,0.0,0.0
2024-09-13 03:00:00+02:00,-5.79710144623945e-06,0.0,0.0,0.0
2024-09-13 04:00:00+02:00,-3.201280510528379e-07,0.0,0.0,0.0
2024-09-13 05:00:00+02:00,-3.201280510528379e-07,0.0,0.0,0.0
2024-09-13 06:00:00+02:00,-8.723489393634082e-06,0.0,0.0,0.0
2024-09-13 07:00:00+02:00,-3.201280510528379e-07,0.0,0.0,0.0
2024-09-13 08:00:00+02:00,-3.201280510528379e-07,0.11,0.0,0.11
2024-09-13 09:00:00+02:00,0.172666666667404,5.63,0.0,5.63
2024-09-13 10:00:00+02:00,0.0797534798523921,39.75,0.0,39.75
2024-09-13 11:00:00+02:00,5.240133333333458,87.75,0.0,87.75
2024-09-13 12:00:00+02:00,35.79973333332338,126.09,0.0,126.09
2024-09-13 13:00:00+02:00,66.22710343532853,144.39,0.0,144.39
2024-09-13 14:00:00+02:00,71.5779003724636,141.51,0.0,141.51
2024-09-13 15:00:00+02:00,60.00077189750072,148.11,100.0,248.11
2024-09-13 16:00:00+02:00,109.8152572703744,141.09,0.0,141.09
2024-09-13 17:00:00+02:00,122.74440053351744,127.84,0.0,127.84
2024-09-13 18:00:00+02:00,113.9211054867362,96.41,0.0,96.41
2024-09-13 19:00:00+02:00,95.9477452909414,50.95,0.0,50.95
2024-09-13 20:00:00+02:00,82.86616614336033,14.98,0.0,14.98
2024-09-13 21:00:00+02:00,42.35299999999581,0.63,0.0,0.63
2024-09-13 22:00:00+02:00,13.227200000006125,0.0,0.0,0.0
2024-09-13 23:00:00+02:00,0.8424476666672023,0.0,0.0,0.0
2024-09-14 00:00:00+02:00,0.0082731817264081,0.0,0.0,0.0
2024-09-14 01:00:00+02:00,-0.0005023400229368,0.0,0.0,0.0
2024-09-14 02:00:00+02:00,0.0002463585433586,0.0,0.0,0.0
2024-09-14 03:00:00+02:00,-5.79710144623945e-06,0.0,0.0,0.0
2024-09-14 04:00:00+02:00,-3.201280510528379e-07,0.0,0.0,0.0
2024-09-14 05:00:00+02:00,-3.201280510528379e-07,0.0,0.0,0.0
2024-09-14 06:00:00+02:00,-3.201280510528379e-07,0.0,0.0,0.0
2024-09-14 07:00:00+02:00,-3.201280510528379e-07,0.0,0.0,0.0
2024-09-14 08:00:00+02:00,-3.201280510528379e-07,0.16,0.0,0.16
2024-09-14 09:00:00+02:00,0.3421333333341561,5.87,0.0,5.87
2024-09-14 10:00:00+02:00,0.0769534798506575,19.25,0.0,19.25
2024-09-14 11:00:00+02:00,5.240133333333458,12.15,0.0,12.15
2024-09-14 12:00:00+02:00,20.54743333334423,92.16,0.0,92.16
2024-09-14 13:00:00+02:00,55.97549926010083,122.86,0.0,122.86
2024-09-14 14:00:00+02:00,74.55830037246484,124.59,100.0,224.59
2024-09-14 15:00:00+02:00,117.80577942298824,121.42,0.0,121.42
2024-09-14 16:00:00+02:00,128.9192390225471,116.28,0.0,116.28
2024-09-14 17:00:00+02:00,111.1488975032145,108.61,0.0,108.61
2024-09-14 18:00:00+02:00,114.14554993118082,86.2,0.0,86.2
2024-09-14 19:00:00+02:00,91.16702426121,41.76,0.0,41.76
2024-09-14 20:00:00+02:00,86.56366917366351,12.09,0.0,12.09
2024-09-14 21:00:00+02:00,26.450762222214163,0.41,0.0,0.41
2024-09-14 22:00:00+02:00,11.77130000001062,0.0,0.0,0.0
2024-09-14 23:00:00+02:00,0.7310521904785844,0.0,0.0,0.0
2024-09-15 00:00:00+02:00,0.0825519346159121,0.0,0.0,0.0
2024-09-15 01:00:00+02:00,0.0840126343095854,0.0,0.0,0.0
2024-09-15 02:00:00+02:00,0.5239616658185917,0.0,0.0,0.0
2024-09-15 03:00:00+02:00,-0.0001973250918042,0.0,0.0,0.0
2024-09-15 04:00:00+02:00,-4.05948831316933e-06,0.0,0.0,0.0
2024-09-15 05:00:00+02:00,-4.05948831316933e-06,0.0,0.0,0.0
2024-09-15 06:00:00+02:00,0.0283292738452143,0.0,0.0,0.0
2024-09-15 07:00:00+02:00,-4.3073197879975e-06,0.0,0.0,0.0
2024-09-15 08:00:00+02:00,-6.074869777537527e-05,0.1,0.0,0.1
2024-09-15 09:00:00+02:00,1.0152000000019328,5.52,0.0,5.52
2024-09-15 10:00:00+02:00,0.1720201465172343,32.33,0.0,32.33
2024-09-15 11:00:00+02:00,4.577866666662158,14.39,0.0,14.39
2024-09-15 12:00:00+02:00,20.54743333334423,11.89,0.0,11.89
2024-09-15 13:00:00+02:00,60.89622156398261,12.17,0.0,12.17
2024-09-15 14:00:00+02:00,73.3644406106687,90.44,0.0,90.44
2024-09-15 15:00:00+02:00,124.99112717190592,117.0,100.0,217.0
2024-09-15 16:00:00+02:00,125.93548490999406,115.5,0.0,115.5
2024-09-15 17:00:00+02:00,111.1488975032145,107.17,0.0,107.17
2024-09-15 18:00:00+02:00,114.31934993118058,85.35,0.0,85.35
2024-09-15 19:00:00+02:00,102.77840737106597,45.64,0.0,45.64
2024-09-15 20:00:00+02:00,86.09902371911812,12.5,0.0,12.5
2024-09-15 21:00:00+02:00,35.93079999999434,0.5,0.0,0.5
2024-09-15 22:00:00+02:00,7.926800000005169,0.0,0.0,0.0
2024-09-15 23:00:00+02:00,0.3965393333358614,0.0,0.0,0.0
2024-09-16 00:00:00+02:00,0.0125713502240896,0.0,0.0,0.0
2024-09-16 01:00:00+02:00,-0.0001241111111878,0.0,0.0,0.0
2024-09-16 02:00:00+02:00,4.761904759410143e-06,0.0,0.0,0.0
2024-09-16 03:00:00+02:00,-5.79710144623945e-06,0.0,0.0,0.0
2024-09-16 04:00:00+02:00,-3.201280510528379e-07,0.0,0.0,0.0
2024-09-16 05:00:00+02:00,-3.201280510528379e-07,0.0,0.0,0.0
2024-09-16 06:00:00+02:00,-3.201280510528379e-07,0.0,0.0,0.0
2024-09-16 07:00:00+02:00,-8.723489393634082e-06,0.0,0.0,0.0
2024-09-16 08:00:00+02:00,-3.3833751504977605e-05,0.08,0.0,0.08
2024-09-16 09:00:00+02:00,0.8469333333351341,5.53,0.0,5.53
2024-09-16 10:00:00+02:00,0.0849934798520252,40.96,0.0,40.96
2024-09-16 11:00:00+02:00,5.168666666662903,89.19,0.0,89.19
2024-09-16 12:00:00+02:00,22.72347916667146,122.75,0.0,122.75
2024-09-16 13:00:00+02:00,53.08697713327555,141.01,95.49715742695949,236.50715742695948
2024-09-16 14:00:00+02:00,62.637073717317335,140.46,0.0,140.46
2024-09-16 15:00:00+02:00,57.92487095187503,134.61,0.0,134.61
2024-09-16 16:00:00+02:00,98.3203282792646,122.47,0.0,122.47
2024-09-16 17:00:00+02:00,84.55946876904518,120.15,0.0,120.15
2024-09-16 18:00:00+02:00,91.66766246852312,94.48,0.0,94.48
2024-09-16 19:00:00+02:00,76.08800607973382,51.39,0.0,51.39
2024-09-16 20:00:00+02:00,50.34565523510607,13.63,0.0,13.63
2024-09-16 21:00:00+02:00,23.70017999999097,0.55,0.0,0.55
2024-09-16 22:00:00+02:00,10.57059999999532,0.0,0.0,0.0
2024-09-16 23:00:00+02:00,0.3501400000044691,0.0,0.0,0.0
2024-09-17 00:00:00+02:00,0.0151272135773364,0.0,0.0,0.0
2024-09-17 01:00:00+02:00,0.0279292222220786,0.0,0.0,0.0
2024-09-17 02:00:00+02:00,0.0012049991526367,0.0,0.0,0.0
2024-09-17 03:00:00+02:00,-0.0002948174926668,0.0,0.0,0.0
2024-09-17 04:00:00+02:00,-1.0973986455650114e-05,0.0,0.0,0.0
2024-09-17 05:00:00+02:00,-1.4004289486571296e-05,0.0,0.0,0.0
2024-09-17 06:00:00+02:00,-4.05948831316933e-06,0.0,0.0,0.0
2024-09-17 07:00:00+02:00,-8.288012709654261e-08,0.0,0.0,0.0
2024-09-17 08:00:00+02:00,-2.4945310763611895e-05,0.14,0.0,0.14
2024-09-17 09:00:00+02:00,0.3991840312039156,5.36,0.0,5.36
2024-09-17 10:00:00+02:00,0.0418736118833861,39.07,0.0,39.07
2024-09-17 11:00:00+02:00,4.6866105263092015,86.36,0.0,86.36
2024-09-17 12:00:00+02:00,37.77286166666033,123.33,0.0,123.33
2024-09-17 13:00:00+02:00,71.19542926594458,140.95,100.0,240.95
2024-09-17 14:00:00+02:00,90.34017132738688,140.25,0.0,140.25
2024-09-17 15:00:00+02:00,128.78513386684438,138.42,0.0,138.42
2024-09-17 16:00:00+02:00,130.65499577160935,128.64,0.0,128.64
2024-09-17 17:00:00+02:00,123.872723693686,106.83,0.0,106.83
2024-09-17 18:00:00+02:00,110.64062494580196,90.89,0.0,90.89
2024-09-17 19:00:00+02:00,87.16162630324641,48.38,0.0,48.38
2024-09-17 20:00:00+02:00,68.54078625950987,11.22,0.0,11.22
2024-09-17 21:00:00+02:00,32.45239999999758,0.38,0.0,0.38
2024-09-17 22:00:00+02:00,9.58859999999462,0.0,0.0,0.0
2024-09-17 23:00:00+02:00,0.3057230769243114,0.0,0.0,0.0
2024-09-18 00:00:00+02:00,0.0522094358001074,0.0,0.0,0.0
2024-09-18 01:00:00+02:00,0.0037558888906406,0.0,0.0,0.0
2024-09-18 02:00:00+02:00,4.761904759410143e-06,0.0,0.0,0.0
2024-09-18 03:00:00+02:00,-5.79710144623945e-06,0.0,0.0,0.0
2024-09-18 04:00:00+02:00,-3.201280510528379e-07,0.0,0.0,0.0
2024-09-18 05:00:00+02:00,-3.201280510528379e-07,0.0,0.0,0.0
2024-09-18 06:00:00+02:00,-8.723489393634082e-06,0.0,0.0,0.0
2024-09-18 07:00:00+02:00,-4.3073197879975e-06,0.0,0.0,0.0
2024-09-18 08:00:00+02:00,-0.0006341071038179,0.07,0.0,0.07
2024-09-18 09:00:00+02:00,0.0900790849673367,5.45,0.0,5.45
2024-09-18 10:00:00+02:00,0.0742023093533171,35.71,0.0,35.71
2024-09-18 11:00:00+02:00,3.80259576441155,79.96,0.0,79.96
2024-09-18 12:00:00+02:00,24.671669901666892,116.06,0.0,116.06
2024-09-18 13:00:00+02:00,62.115513796280226,132.71,0.0,132.71
2024-09-18 14:00:00+02:00,80.99045528285772,133.24,100.0,233.24
2024-09-18 15:00:00+02:00,130.71366243827632,108.77,0.0,108.77
2024-09-18 16:00:00+02:00,121.49811243827732,106.94,0.0,106.94
2024-09-18 17:00:00+02:00,115.98224283897817,102.32,0.0,102.32
2024-09-18 18:00:00+02:00,102.15173124842276,86.67,0.0,86.67
2024-09-18 19:00:00+02:00,88.02401473836326,44.82,0.0,44.82
2024-09-18 20:00:00+02:00,72.67812705315713,10.01,0.0,10.01
2024-09-18 21:00:00+02:00,38.76480000000389,0.24,0.0,0.24
2024-09-18 22:00:00+02:00,10.173199999987265,0.0,0.0,0.0
2024-09-18 23:00:00+02:00,0.3986666666689031,0.0,0.0,0.0
2024-09-19 00:00:00+02:00,0.0208094357999676,0.0,0.0,0.0
2024-09-19 01:00:00+02:00,0.023555888888902,0.0,0.0,0.0
2024-09-19 02:00:00+02:00,-5.81347252542185e-07,0.0,0.0,0.0
2024-09-19 03:00:00+02:00,-2.734748607810825e-05,0.0,0.0,0.0
2024-09-19 04:00:00+02:00,-8.288012709654261e-08,0.0,0.0,0.0
2024-09-19 05:00:00+02:00,-4.05948831316933e-06,0.0,0.0,0.0
2024-09-19 06:00:00+02:00,-3.307116019247136e-07,0.0,0.0,0.0
2024-09-19 07:00:00+02:00,-8.723489393634082e-06,0.0,0.0,0.0
2024-09-19 08:00:00+02:00,-6.074869777537527e-05,0.04,0.0,0.04
2024-09-19 09:00:00+02:00,1.3966790849677273,4.32,0.0,4.32
2024-09-19 10:00:00+02:00,0.1334351298676837,27.86,0.0,27.86
2024-09-19 11:00:00+02:00,3.4169900000018014,59.02,0.0,59.02
2024-09-19 12:00:00+02:00,19.336868461311557,52.67,0.0,52.67
2024-09-19 13:00:00+02:00,39.216611698629855,56.93,0.0,56.93
2024-09-19 14:00:00+02:00,69.19115382251407,33.14,0.0,33.14
2024-09-19 15:00:00+02:00,110.70184592263364,68.61,0.0,68.61
2024-09-19 16:00:00+02:00,99.87159173469362,78.79,100.0,178.79000000000002
2024-09-19 17:00:00+02:00,71.64980600725409,65.8,0.0,65.8
2024-09-19 18:00:00+02:00,49.546593149648864,18.04,0.0,18.04
2024-09-19 19:00:00+02:00,19.756007142851093,1.93,0.0,1.93
2024-09-19 20:00:00+02:00,25.059262222230664,0.05,0.0,0.05
2024-09-19 21:00:00+02:00,31.20156888888921,0.0,0.0,0.0
2024-09-19 22:00:00+02:00,7.163959999998546,0.0,0.0,0.0
2024-09-19 23:00:00+02:00,0.1545726007337156,0.0,0.0,0.0
2024-09-20 00:00:00+02:00,0.0004984532946838,0.0,0.0,0.0
2024-09-20 01:00:00+02:00,0.0143333333334884,0.0,0.0,0.0
2024-09-20 02:00:00+02:00,0.92746690391456,0.0,0.0,0.0
2024-09-20 03:00:00+02:00,-5.559853522283154e-06,0.0,0.0,0.0
2024-09-20 04:00:00+02:00,-1.0726154980821943e-05,0.0,0.0,0.0
2024-09-20 05:00:00+02:00,-8.288012709654261e-08,0.0,0.0,0.0
2024-09-20 06:00:00+02:00,-8.288012709654261e-08,0.0,0.0,0.0
2024-09-20 07:00:00+02:00,-1.072615497634468e-05,0.0,0.0,0.0
2024-09-20 08:00:00+02:00,-0.0003674404372909,0.0,0.0,0.0
2024-09-20 09:00:00+02:00,0.6493124183013146,2.01,0.0,2.01
2024-09-20 10:00:00+02:00,0.0678345315748217,7.77,0.0,7.77
2024-09-20 11:00:00+02:00,4.204393383456926,14.5,0.0,14.5
2024-09-20 12:00:00+02:00,28.58728524702506,21.51,0.0,21.51
2024-09-20 13:00:00+02:00,45.089718031557695,64.72,0.0,64.72
2024-09-20 14:00:00+02:00,80.77355922807071,78.67,0.0,78.67
2024-09-20 15:00:00+02:00,67.04119659289643,82.85,0.0,82.85
2024-09-20 16:00:00+02:00,120.04107282870844,83.6,100.0,183.6
2024-09-20 17:00:00+02:00,64.92127286026485,41.14,0.0,41.14
2024-09-20 18:00:00+02:00,60.85668256307228,33.88,0.0,33.88
2024-09-20 19:00:00+02:00,42.12300092351777,16.93,0.0,16.93
2024-09-20 20:00:00+02:00,19.905034545457283,7.72,0.0,7.72
2024-09-20 21:00:00+02:00,28.59496888889179,0.13,0.0,0.13
2024-09-20 22:00:00+02:00,7.208399999998899,0.0,0.0,0.0
2024-09-20 23:00:00+02:00,0.153112600733685,0.0,0.0,0.0
2024-09-21 00:00:00+02:00,0.0018984532948235,0.0,0.0,0.0
2024-09-21 01:00:00+02:00,0.0014000000001396,0.0,0.0,0.0
2024-09-21 02:00:00+02:00,0.2274669039145594,0.0,0.0,0.0
2024-09-21 03:00:00+02:00,-5.559853522283154e-06,0.0,0.0,0.0
2024-09-21 04:00:00+02:00,-8.288012709654261e-08,0.0,0.0,0.0
2024-09-21 05:00:00+02:00,-8.288012709654261e-08,0.0,0.0,0.0
2024-09-21 06:00:00+02:00,-8.288012709654261e-08,0.0,0.0,0.0
2024-09-21 07:00:00+02:00,-8.288012709654261e-08,0.0,0.0,0.0
2024-09-21 08:00:00+02:00,-2.4945310763611895e-05,0.05,0.0,0.05
2024-09-21 09:00:00+02:00,0.0120563620055022,3.85,0.0,3.85
2024-09-21 10:00:00+02:00,0.2120999999996274,12.46,0.0,12.46
2024-09-21 11:00:00+02:00,9.053413333329646,11.04,0.0,11.04
2024-09-21 12:00:00+02:00,10.504811111109142,17.32,0.0,17.32
2024-09-21 13:00:00+02:00,38.72623518089426,22.83,0.0,22.83
2024-09-21 14:00:00+02:00,31.84011441613887,17.03,0.0,17.03
2024-09-21 15:00:00+02:00,38.86767970343949,86.2,100.0,186.2
2024-09-21 16:00:00+02:00,38.1221697540609,67.09,0.0,67.09
2024-09-21 17:00:00+02:00,47.60132818710223,10.65,0.0,10.65
2024-09-21 18:00:00+02:00,45.776202863870225,12.33,0.0,12.33
2024-09-21 19:00:00+02:00,27.22438650792963,19.43,0.0,19.43
2024-09-21 20:00:00+02:00,17.730346666673206,7.55,0.0,7.55
2024-09-21 21:00:00+02:00,30.275279999998048,0.13,0.0,0.13
2024-09-21 22:00:00+02:00,8.011948095227673,0.0,0.0,0.0
2024-09-21 23:00:00+02:00,0.1248764102683838,0.0,0.0,0.0
2024-09-22 00:00:00+02:00,0.0067479786434049,0.0,0.0,0.0
2024-09-22 01:00:00+02:00,0.066118315788963,0.0,0.0,0.0
2024-09-22 02:00:00+02:00,0.2735584877716896,0.0,0.0,0.0
2024-09-22 03:00:00+02:00,-0.0007839556693207,0.0,0.0,0.0
2024-09-22 04:00:00+02:00,-3.720367168175131e-05,0.0,0.0,0.0
2024-09-22 05:00:00+02:00,-2.719542235341351e-05,0.0,0.0,0.0
2024-09-22 06:00:00+02:00,-8.288012709654261e-08,0.0,0.0,0.0
2024-09-22 07:00:00+02:00,-8.288012709654261e-08,0.0,0.0,0.0
2024-09-22 08:00:00+02:00,-3.3833751504977605e-05,0.02,0.0,0.02
2024-09-22 09:00:00+02:00,1.4776457516383987,3.3,0.0,3.3
2024-09-22 10:00:00+02:00,0.0520576456209686,20.46,0.0,20.46
2024-09-22 11:00:00+02:00,4.155891002504802,11.69,0.0,11.69
2024-09-22 12:00:00+02:00,35.46953333332594,12.29,0.0,12.29
2024-09-22 13:00:00+02:00,53.57318410766874,58.03,0.0,58.03
2024-09-22 14:00:00+02:00,64.13486195931097,87.91,100.0,187.91
2024-09-22 15:00:00+02:00,94.07960087185752,12.06,0.0,12.06
2024-09-22 16:00:00+02:00,106.86667095187528,22.15,0.0,22.15
2024-09-22 17:00:00+02:00,113.05965464688953,79.16,0.0,79.16
2024-09-22 18:00:00+02:00,92.80906184901804,62.58,0.0,62.58
2024-09-22 19:00:00+02:00,61.4756448867936,22.23,0.0,22.23
2024-09-22 20:00:00+02:00,43.12315249710208,9.24,0.0,9.24
2024-09-22 21:00:00+02:00,29.56927999999711,0.12,0.0,0.12
2024-09-22 22:00:00+02:00,8.04281476189243,0.0,0.0,0.0
2024-09-22 23:00:00+02:00,0.1450192674092675,0.0,0.0,0.0
2024-09-23 00:00:00+02:00,0.1416317866281024,0.0,0.0,0.0
2024-09-23 01:00:00+02:00,0.1439263157898318,0.0,0.0,0.0
2024-09-23 02:00:00+02:00,0.5665098971908933,0.0,0.0,0.0
2024-09-23 03:00:00+02:00,-0.0002948174926668,0.0,0.0,0.0
2024-09-23 04:00:00+02:00,-4.6438880925564725e-05,0.0,0.0,0.0
2024-09-23 05:00:00+02:00,-3.0370025530974367e-05,0.0,0.0,0.0
2024-09-23 06:00:00+02:00,-1.2145924046023107e-05,0.0,0.0,0.0
2024-09-23 07:00:00+02:00,-8.971320868462252e-06,0.0,0.0,0.0
2024-09-23 08:00:00+02:00,-3.3833751504977605e-05,0.11,0.0,0.11
2024-09-23 09:00:00+02:00,0.0261899571299635,4.71,0.0,4.71
2024-09-23 10:00:00+02:00,0.070076339149291,32.51,0.0,32.51
2024-09-23 11:00:00+02:00,4.3297776691640655,74.11,0.0,74.11
2024-09-23 12:00:00+02:00,24.232782539686404,109.59,0.0,109.59
2024-09-23 13:00:00+02:00,52.12647891160102,128.49,100.0,228.49
2024-09-23 14:00:00+02:00,64.85906598577893,125.43,0.0,125.43
2024-09-23 15:00:00+02:00,96.27734279983184,82.24,0.0,82.24
2024-09-23 16:00:00+02:00,98.68009073355312,107.33,0.0,107.33
2024-09-23 17:00:00+02:00,72.14563925526895,96.71,0.0,96.71
2024-09-23 18:00:00+02:00,63.20589335628099,84.68,0.0,84.68
2024-09-23 19:00:00+02:00,59.890018706057674,40.18,0.0,40.18
2024-09-23 20:00:00+02:00,60.827938812830645,8.09,0.0,8.09
2024-09-23 21:00:00+02:00,25.788813333326715,0.08,0.0,0.08
2024-09-23 22:00:00+02:00,8.012214761894782,0.0,0.0,0.0
2024-09-23 23:00:00+02:00,0.2359814102634307,0.0,0.0,0.0
2024-09-24 00:00:00+02:00,0.2485380952392561,0.0,0.0,0.0
2024-09-24 01:00:00+02:00,0.0314367003364861,0.0,0.0,0.0
2024-09-24 02:00:00+02:00,2.372479239562953e-07,0.0,0.0,0.0
2024-09-24 03:00:00+02:00,-0.0001862844659592,0.0,0.0,0.0
2024-09-24 04:00:00+02:00,-8.288012709654261e-08,0.0,0.0,0.0
2024-09-24 05:00:00+02:00,-8.288012709654261e-08,0.0,0.0,0.0
2024-09-24 06:00:00+02:00,-8.288012709654261e-08,0.0,0.0,0.0
2024-09-24 07:00:00+02:00,-8.288012709654261e-08,0.0,0.0,0.0
2024-09-24 08:00:00+02:00,-2.4945310763611895e-05,0.05,0.0,0.05
2024-09-24 09:00:00+02:00,0.0,2.85,0.0,2.85
2024-09-24 10:00:00+02:00,0.2294487908530982,15.69,0.0,15.69
2024-09-24 11:00:00+02:00,2.1918499999945507,48.69,0.0,48.69
2024-09-24 12:00:00+02:00,24.32627687400933,60.06,0.0,60.06
2024-09-24 13:00:00+02:00,35.19114983521788,97.72,100.0,197.72
2024-09-24 14:00:00+02:00,56.328746531704425,83.24,0.0,83.24
2024-09-24 15:00:00+02:00,111.4652992905936,50.7,0.0,50.7
2024-09-24 16:00:00+02:00,103.5270646653972,37.2,0.0,37.2
2024-09-24 17:00:00+02:00,79.62336717558827,95.62,0.0,95.62
2024-09-24 18:00:00+02:00,89.6407564250008,61.12,0.0,61.12
2024-09-24 19:00:00+02:00,69.2504374632207,23.72,0.0,23.72
2024-09-24 20:00:00+02:00,62.207239599959955,4.11,0.0,4.11
2024-09-24 21:00:00+02:00,33.30567999999958,0.02,0.0,0.02
2024-09-24 22:00:00+02:00,6.55895999999942,0.0,0.0,0.0
2024-09-24 23:00:00+02:00,-0.0002347826090029,0.0,0.0,0.0
2024-09-25 00:00:00+02:00,-0.0002966329969092,0.0,0.0,0.0
2024-09-25 01:00:00+02:00,0.0121368852463353,0.0,0.0,0.0
2024-09-25 02:00:00+02:00,2.372479239562953e-07,0.0,0.0,0.0
2024-09-25 03:00:00+02:00,-5.559853522283154e-06,0.0,0.0,0.0
2024-09-25 04:00:00+02:00,-8.288012709654261e-08,0.0,0.0,0.0
2024-09-25 05:00:00+02:00,-8.288012709654261e-08,0.0,0.0,0.0
2024-09-25 06:00:00+02:00,-8.288012709654261e-08,0.0,0.0,0.0
2024-09-25 07:00:00+02:00,-8.288012709654261e-08,0.0,0.0,0.0
2024-09-25 08:00:00+02:00,-2.4945310763611895e-05,0.0,0.0,0.0
2024-09-25 09:00:00+02:00,0.8752999597485591,2.88,0.0,2.88
2024-09-25 10:00:00+02:00,0.1128124183017607,17.47,0.0,17.47
2024-09-25 11:00:00+02:00,2.9664499999949636,20.78,0.0,20.78
2024-09-25 12:00:00+02:00,12.810154858290788,39.24,0.0,39.24
2024-09-25 13:00:00+02:00,18.384223616937373,78.24,52.58294188440448,130.8229418844045
2024-09-25 14:00:00+02:00,23.522995627570097,60.85,0.0,60.85
2024-09-25 15:00:00+02:00,37.869453106726624,62.3,0.0,62.3
2024-09-25 16:00:00+02:00,34.48697696801569,40.1,0.0,40.1
2024-09-25 17:00:00+02:00,43.20070877532541,67.69,0.0,67.69
2024-09-25 18:00:00+02:00,45.32762459059022,66.15,0.0,66.15
2024-09-25 19:00:00+02:00,28.4862703174558,35.78,0.0,35.78
2024-09-25 20:00:00+02:00,18.44365142857674,6.5,0.0,6.5
2024-09-25 21:00:00+02:00,34.29428000000119,0.0,0.0,0.0
2024-09-25 22:00:00+02:00,6.33185999999921,0.0,0.0,0.0
2024-09-25 23:00:00+02:00,0.0010133333330741,0.0,0.0,0.0
2024-09-26 00:00:00+02:00,3.5519125684329428e-06,0.0,0.0,0.0
2024-09-26 01:00:00+02:00,3.5519125684329428e-06,0.0,0.0,0.0
2024-09-26 02:00:00+02:00,-7.376024177180958e-05,0.0,0.0,0.0
2024-09-26 03:00:00+02:00,0.1527726525142013,0.0,0.0,0.0
2024-09-26 04:00:00+02:00,-8.288012709654261e-08,0.0,0.0,0.0
2024-09-26 05:00:00+02:00,-4.05948831316933e-06,0.0,0.0,0.0
2024-09-26 06:00:00+02:00,-4.05948831316933e-06,0.0,0.0,0.0
2024-09-26 07:00:00+02:00,-8.288012709654261e-08,0.0,0.0,0.0
2024-09-26 08:00:00+02:00,-2.4945310763611895e-05,0.06,0.0,0.06
2024-09-26 09:00:00+02:00,0.5074846153803011,4.46,0.0,4.46
2024-09-26 10:00:00+02:00,0.1454548779028128,38.42,0.0,38.42
2024-09-26 11:00:00+02:00,3.164316190475258,82.65,0.0,82.65
2024-09-26 12:00:00+02:00,30.96963186747752,63.01,0.0,63.01
2024-09-26 13:00:00+02:00,74.20750077127693,56.52,0.0,56.52
2024-09-26 14:00:00+02:00,69.87727859092324,34.81,0.0,34.81
2024-09-26 15:00:00+02:00,74.5578350293818,89.67,0.0,89.67
2024-09-26 16:00:00+02:00,34.09790036621312,119.04,100.0,219.04000000000002
2024-09-26 17:00:00+02:00,34.96362059880152,51.96,0.0,51.96
2024-09-26 18:00:00+02:00,42.0483547628586,22.3,0.0,22.3
2024-09-26 19:00:00+02:00,27.65636476190123,41.61,0.0,41.61
2024-09-26 20:00:00+02:00,27.86118253968354,7.07,0.0,7.07
2024-09-26 21:00:00+02:00,33.21966333333784,0.0,0.0,0.0
2024-09-26 22:00:00+02:00,6.661279999991588,0.0,0.0,0.0
2024-09-26 23:00:00+02:00,-0.0058333333339154,0.0,0.0,0.0
2024-09-27 00:00:00+02:00,-8.187830807979468e-05,0.0,0.0,0.0
2024-09-27 01:00:00+02:00,3.5519125684329428e-06,0.0,0.0,0.0
2024-09-27 02:00:00+02:00,-0.0001412619812389,0.0,0.0,0.0
2024-09-27 03:00:00+02:00,-0.0003016495050135,0.0,0.0,0.0
2024-09-27 04:00:00+02:00,-2.856306241521377e-05,0.0,0.0,0.0
2024-09-27 05:00:00+02:00,-8.288012709654261e-08,0.0,0.0,0.0
2024-09-27 06:00:00+02:00,-4.05948831316933e-06,0.0,0.0,0.0
2024-09-27 07:00:00+02:00,-4.3073197879975e-06,0.0,0.0,0.0
2024-09-27 08:00:00+02:00,-3.201280510528379e-07,0.04,0.0,0.04
2024-09-27 09:00:00+02:00,0.0053899571296065,3.34,0.0,3.34
2024-09-27 10:00:00+02:00,0.0452322915364585,32.47,0.0,32.47
2024-09-27 11:00:00+02:00,4.146717192982914,87.73,0.0,87.73
2024-09-27 12:00:00+02:00,36.78919999999062,124.29,0.0,124.29
2024-09-27 13:00:00+02:00,63.47776010182131,135.54,100.0,235.54
2024-09-27 14:00:00+02:00,80.96966407950303,135.07,0.0,135.07
2024-09-27 15:00:00+02:00,117.03146000000253,114.12,0.0,114.12
2024-09-27 16:00:00+02:00,95.98405094233014,132.65,0.0,132.65
2024-09-27 17:00:00+02:00,107.85227176771896,45.81,0.0,45.81
2024-09-27 18:00:00+02:00,102.08824142243752,48.16,0.0,48.16
2024-09-27 19:00:00+02:00,92.19011617606314,21.05,0.0,21.05
2024-09-27 20:00:00+02:00,57.12166077993139,5.51,0.0,5.51
2024-09-27 21:00:00+02:00,32.56588000000268,0.0,0.0,0.0
2024-09-27 22:00:00+02:00,6.566999999995751,0.0,0.0,0.0
2024-09-27 23:00:00+02:00,-0.0024666666664415,0.0,0.0,0.0
2024-09-28 00:00:00+02:00,3.5519125684329428e-06,0.0,0.0,0.0
2024-09-28 01:00:00+02:00,3.5519125684329428e-06,0.0,0.0,0.0
2024-09-28 02:00:00+02:00,2.372479239562953e-07,0.0,0.0,0.0
2024-09-28 03:00:00+02:00,-0.0042078449681478,0.0,0.0,0.0
2024-09-28 04:00:00+02:00,-8.288012709654261e-08,0.0,0.0,0.0
2024-09-28 05:00:00+02:00,-4.05948831316933e-06,0.0,0.0,0.0
2024-09-28 06:00:00+02:00,-8.288012709654261e-08,0.0,0.0,0.0
2024-09-28 07:00:00+02:00,-8.971320868462252e-06,0.0,0.0,0.0
2024-09-28 08:00:00+02:00,-0.0001244774744551,0.02,0.0,0.02
2024-09-28 09:00:00+02:00,-1.0042870183904464e-05,0.63,0.0,0.63
2024-09-28 10:00:00+02:00,0.0717869413893492,0.0,0.0,0.0
2024-09-28 11:00:00+02:00,4.260803859642868,0.0,0.0,0.0
2024-09-28 12:00:00+02:00,32.66813142856631,0.0,0.0,0.0
2024-09-28 13:00:00+02:00,59.86546874805829,0.0,0.0,0.0
2024-09-28 14:00:00+02:00,76.07183413722495,0.0,0.0,0.0
2024-09-28 15:00:00+02:00,77.6235442852024,6.17,0.0,6.17
2024-09-28 16:00:00+02:00,82.50234800148468,12.21,0.0,12.21
2024-09-28 17:00:00+02:00,96.58214946404806,12.17,0.0,12.17
2024-09-28 18:00:00+02:00,108.6564783815098,13.35,0.0,13.35
2024-09-28 19:00:00+02:00,90.22017190583092,20.18,100.0,120.18
2024-09-28 20:00:00+02:00,70.38324846371802,6.4,0.0,6.4
2024-09-28 21:00:00+02:00,32.3494800000037,-0.07,0.0,-0.07
2024-09-28 22:00:00+02:00,6.2617999999955645,0.0,0.0,0.0
2024-09-28 23:00:00+02:00,-0.0330057601250545,0.0,0.0,0.0
2024-09-29 00:00:00+02:00,3.5519125684329428e-06,0.0,0.0,0.0
2024-09-29 01:00:00+02:00,3.5519125684329428e-06,0.0,0.0,0.0
2024-09-29 02:00:00+02:00,-0.0006070935748258,0.0,0.0,0.0
2024-09-29 03:00:00+02:00,-0.0003016495050135,0.0,0.0,0.0
2024-09-29 04:00:00+02:00,-3.720367168175131e-05,0.0,0.0,0.0
2024-09-29 05:00:00+02:00,-4.05948831316933e-06,0.0,0.0,0.0
2024-09-29 06:00:00+02:00,-4.05948831316933e-06,0.0,0.0,0.0
2024-09-29 07:00:00+02:00,-8.971320868462252e-06,0.0,0.0,0.0
2024-09-29 08:00:00+02:00,-3.3833751504977605e-05,0.11,0.0,0.11
2024-09-29 09:00:00+02:00,-1.0042870183904464e-05,3.46,0.0,3.46
2024-09-29 10:00:00+02:00,0.0571025784699429,15.61,0.0,15.61
2024-09-29 11:00:00+02:00,3.744686240597774,11.73,0.0,11.73
2024-09-29 12:00:00+02:00,29.482876178259943,11.27,0.0,11.27
2024-09-29 13:00:00+02:00,40.86945279040845,9.48,0.0,9.48
2024-09-29 14:00:00+02:00,50.452927954547285,44.75,0.0,44.75
2024-09-29 15:00:00+02:00,75.49389715880262,119.79,100.0,219.79000000000002
2024-09-29 16:00:00+02:00,53.31436049214042,114.57,0.0,114.57
2024-09-29 17:00:00+02:00,62.12455222119736,102.39,0.0,102.39
2024-09-29 18:00:00+02:00,77.93585356981288,77.67,0.0,77.67
2024-09-29 19:00:00+02:00,83.98874624014962,26.41,0.0,26.41
2024-09-29 20:00:00+02:00,47.761706692640104,5.77,0.0,5.77
2024-09-29 21:00:00+02:00,25.014413333330303,-0.05,0.0,-0.05
2024-09-29 22:00:00+02:00,5.3358999999956,0.0,0.0,0.0
2024-09-29 23:00:00+02:00,-0.0456245696465498,0.0,0.0,0.0
2024-09-30 00:00:00+02:00,3.5519125684329428e-06,0.0,0.0,0.0
2024-09-30 01:00:00+02:00,-0.0006641005296508,0.0,0.0,0.0
2024-09-30 02:00:00+02:00,0.0,0.0,0.0,0.0
2024-09-30 03:00:00+02:00,-5.79710144623945e-06,0.0,0.0,0.0
2024-09-30 04:00:00+02:00,-3.201280510528379e-07,0.0,0.0,0.0
2024-09-30 05:00:00+02:00,-3.201280510528379e-07,0.0,0.0,0.0
2024-09-30 06:00:00+02:00,-3.201280510528379e-07,0.0,0.0,0.0
2024-09-30 07:00:00+02:00,-3.201280510528379e-07,0.0,0.0,0.0
2024-09-30 08:00:00+02:00,-3.201280510528379e-07,0.07,0.0,0.07
2024-09-30 09:00:00+02:00,-1.0042870183904464e-05,3.36,0.0,3.36
2024-09-30 10:00:00+02:00,0.049077529630508,34.71,0.0,34.71
2024-09-30 11:00:00+02:00,3.741017192979352,83.86,0.0,83.86
2024-09-30 12:00:00+02:00,30.04595714284836,117.24,0.0,117.24
2024-09-30 13:00:00+02:00,46.44786529433297,128.95,0.0,128.95
2024-09-30 14:00:00+02:00,73.89706420542096,131.22,100.0,231.22
2024-09-30 15:00:00+02:00,119.01478159420223,128.27,0.0,128.27
2024-09-30 16:00:00+02:00,118.32169409420248,120.52,0.0,120.52
2024-09-30 17:00:00+02:00,118.9227950396838,106.86,0.0,106.86
2024-09-30 18:00:00+02:00,83.44627000000791,81.23,0.0,81.23
2024-09-30 19:00:00+02:00,63.435280569153434,36.74,0.0,36.74
2024-09-30 20:00:00+02:00,51.041087803751765,4.98,0.0,4.98
2024-09-30 21:00:00+02:00,23.764333333327667,-0.04,0.0,-0.04
2024-09-30 22:00:00+02:00,5.301999999996915,0.0,0.0,0.0
2024-09-30 23:00:00+02:00,-0.0431392857178881,0.0,0.0,0.0
